"Date","Price","Open","High","Low","Vol.","Change %"
"01/30/2026","17,697.63","18,330.63","18,330.63","17,484.00","","-3.19%"
"01/29/2026","18,280.63","18,385.50","19,098.88","18,184.13","","-0.46%"
"01/28/2026","18,364.63","18,321.50","18,614.38","18,021.50","","1.44%"
"01/27/2026","18,103.88","18,474.25","18,699.38","18,020.88","","-2.39%"
"01/26/2026","18,547.38","18,765.25","19,137.50","18,366.25","","-0.08%"
"01/23/2026","18,562.13","18,146.25","18,847.00","18,071.25","","3.08%"
"01/22/2026","18,008.00","17,830.88","18,140.75","17,773.50","","0.40%"
"01/21/2026","17,936.63","17,660.75","18,116.38","17,605.00","","1.24%"
"01/20/2026","17,716.88","18,068.38","18,120.50","17,493.63","","-2.08%"
"01/19/2026","18,094.13","17,838.38","18,158.13","17,800.88","","2.39%"
"01/16/2026","17,671.38","18,451.25","18,733.50","17,472.88","","-4.27%"
"01/15/2026","18,459.63","18,674.50","18,774.25","17,887.00","","-1.50%"
"01/14/2026","18,741.50","17,568.13","18,861.63","17,513.75","","6.29%"
"01/13/2026","17,631.88","17,882.75","18,154.38","17,520.50","","-1.56%"
"01/12/2026","17,910.63","17,928.75","18,238.88","17,423.88","","1.10%"
"01/09/2026","17,715.75","17,014.75","17,889.50","16,891.50","","3.92%"
"01/08/2026","17,048.00","17,687.50","18,126.75","16,801.50","","-4.22%"
"01/07/2026","17,799.50","18,433.13","18,760.50","17,737.00","","-3.96%"
"01/06/2026","18,532.50","17,219.88","18,748.63","17,215.75","","7.70%"
"01/05/2026","17,207.50","16,824.75","17,210.00","16,692.63","","2.70%"
"01/02/2026","16,755.75","16,683.38","16,929.38","16,683.38","","0.44%"
"12/31/2025","16,681.88","16,692.75","16,820.00","16,252.00","","-0.56%"
"12/30/2025","16,775.63","15,716.00","16,828.38","15,716.00","","6.60%"
"12/29/2025","15,737.63","15,856.25","16,002.75","15,526.50","","0.68%"
"12/24/2025","15,631.38","15,651.88","15,953.75","15,503.50","","-0.48%"
"12/23/2025","15,706.00","15,205.38","15,949.00","15,145.25","","2.98%"
"12/22/2025","15,251.88","14,851.00","15,274.63","14,831.50","","3.33%"
"12/19/2025","14,760.63","14,568.00","14,846.38","14,568.00","","1.50%"
"12/18/2025","14,542.88","14,304.50","14,637.38","14,304.50","","1.39%"
"12/17/2025","14,343.13","14,197.88","14,461.50","14,197.88","","0.76%"
"12/16/2025","14,235.38","14,221.25","14,319.88","14,218.25","","-0.17%"
"12/15/2025","14,259.63","14,543.00","14,573.00","14,231.38","","-2.13%"
"12/12/2025","14,569.38","14,551.38","14,701.13","14,531.13","","-0.31%"
"12/11/2025","14,614.38","14,617.63","14,727.50","14,517.25","","-0.15%"
"12/10/2025","14,636.38","14,670.38","14,800.50","14,616.88","","-0.53%"
"12/09/2025","14,714.63","14,810.38","14,871.75","14,692.38","","-1.00%"
"12/08/2025","14,862.63","14,914.50","14,925.00","14,798.38","","-0.32%"
"12/05/2025","14,910.38","14,817.63","14,936.13","14,817.63","","0.33%"
"12/04/2025","14,860.88","14,867.00","14,915.63","14,829.75","","-0.07%"
"12/03/2025","14,871.38","14,696.00","14,910.88","14,696.00","","0.65%"
"12/02/2025","14,774.88","14,806.38","14,904.88","14,742.88","","-0.60%"
"12/01/2025","14,864.13","14,817.50","14,947.25","14,774.63","","0.37%"
"11/28/2025","14,809.38","14,765.63","14,873.63","14,765.63","","0.03%"
"11/27/2025","14,805.63","14,774.13","14,831.63","14,748.75","","0.08%"
"11/26/2025","14,793.88","14,834.25","14,889.88","14,764.88","","-0.47%"
"11/25/2025","14,864.13","14,686.75","14,904.38","14,628.88","","1.27%"
"11/24/2025","14,677.88","14,544.25","14,697.13","14,514.25","","1.04%"
"11/21/2025","14,526.13","14,388.50","14,526.13","14,312.88","","0.60%"
"11/20/2025","14,439.88","14,583.50","14,647.00","14,388.63","","-1.35%"
"11/19/2025","14,637.63","14,567.75","14,678.25","14,563.38","","0.15%"
"11/18/2025","14,615.38","14,585.88","14,629.13","14,495.50","","-0.20%"
"11/17/2025","14,644.63","14,842.00","14,849.50","14,601.38","","-1.36%"
"11/14/2025","14,846.38","14,882.50","14,955.25","14,750.13","","-0.63%"
"11/13/2025","14,940.88","14,963.50","15,055.38","14,931.88","","-0.44%"
"11/12/2025","15,006.38","14,950.38","15,048.38","14,950.38","","-0.03%"
"11/11/2025","15,011.63","15,033.00","15,103.00","14,998.13","","-0.54%"
"11/10/2025","15,093.38","15,042.00","15,155.88","15,036.00","","0.30%"
"11/07/2025","15,048.63","14,996.25","15,093.88","14,996.25","","0.06%"
"11/06/2025","15,039.38","14,967.25","15,146.88","14,967.25","","0.25%"
"11/05/2025","15,001.13","14,994.50","15,113.50","14,986.88","","-0.43%"
"11/04/2025","15,066.63","15,050.63","15,141.00","15,036.88","","-0.28%"
"11/03/2025","15,108.38","15,201.00","15,274.75","15,100.88","","-0.73%"
"10/31/2025","15,218.88","15,210.25","15,253.63","15,159.38","","0.10%"
"10/30/2025","15,203.13","15,327.13","15,358.00","15,158.88","","-1.08%"
"10/29/2025","15,369.25","15,205.63","15,376.63","15,205.63","","0.59%"
"10/28/2025","15,279.13","15,243.00","15,302.63","15,127.25","","0.09%"
"10/27/2025","15,264.88","15,374.13","15,395.88","15,191.13","","-0.47%"
"10/24/2025","15,336.38","15,288.00","15,366.88","15,229.25","","0.00%"
"10/23/2025","15,337.13","15,078.50","15,372.88","15,078.50","","1.22%"
"10/22/2025","15,152.38","15,176.25","15,196.13","15,105.38","","-0.08%"
"10/21/2025","15,164.13","15,155.25","15,242.50","15,128.38","","-0.35%"
"10/20/2025","15,217.13","15,104.00","15,217.13","15,082.13","","0.70%"
"10/17/2025","15,111.38","15,248.50","15,279.50","15,067.88","","-0.98%"
"10/16/2025","15,260.63","15,099.50","15,271.88","15,099.50","","0.61%"
"10/15/2025","15,168.13","15,063.00","15,240.38","15,063.00","","0.35%"
"10/14/2025","15,115.13","15,135.88","15,205.25","15,087.63","","-0.37%"
"10/13/2025","15,171.88","15,225.00","15,323.75","15,169.38","","-0.32%"
"10/10/2025","15,220.13","15,411.13","15,453.00","15,145.88","","-1.61%"
"10/09/2025","15,468.88","15,305.00","15,606.88","15,278.00","","0.82%"
"10/08/2025","15,343.63","15,410.00","15,461.25","15,301.13","","-0.82%"
"10/07/2025","15,470.88","15,388.13","15,507.50","15,388.13","","0.11%"
"10/06/2025","15,453.13","15,401.00","15,467.25","15,297.13","","0.05%"
"10/03/2025","15,445.00","15,238.63","15,470.63","15,238.63","","0.95%"
"10/02/2025","15,299.13","15,175.75","15,332.38","15,143.50","","0.83%"
"10/01/2025","15,173.63","15,192.63","15,262.13","15,134.13","","-0.29%"
"09/30/2025","15,217.13","15,256.25","15,304.25","15,174.38","","-0.56%"
"09/29/2025","15,302.38","15,157.50","15,327.38","15,153.25","","1.00%"
"09/26/2025","15,150.38","15,194.75","15,259.75","15,131.88","","-0.67%"
"09/25/2025","15,252.88","15,366.75","15,491.38","15,230.88","","-1.04%"
"09/24/2025","15,413.13","15,268.25","15,429.13","15,250.38","","0.51%"
"09/23/2025","15,335.38","15,151.13","15,352.13","15,145.00","","0.91%"
"09/22/2025","15,197.13","15,261.75","15,334.75","15,183.88","","-0.31%"
"09/19/2025","15,243.88","15,264.13","15,360.75","15,236.63","","0.07%"
"09/18/2025","15,232.63","15,379.75","15,379.75","15,193.13","","-0.98%"
"09/17/2025","15,382.88","15,402.50","15,409.75","15,178.88","","-0.10%"
"09/16/2025","15,397.88","15,337.38","15,421.13","15,337.38","","0.05%"
"09/15/2025","15,389.63","15,341.25","15,505.13","15,289.50","","0.21%"
"09/12/2025","15,357.38","15,222.25","15,375.88","15,186.38","","1.02%"
"09/11/2025","15,202.88","15,089.88","15,236.25","15,035.63","","0.30%"
"09/10/2025","15,156.88","15,052.63","15,169.38","15,034.63","","0.33%"
"09/09/2025","15,107.38","15,184.00","15,221.50","15,067.13","","-0.53%"
"09/08/2025","15,187.38","15,262.00","15,387.88","15,165.88","","-0.52%"
"09/05/2025","15,267.13","15,175.63","15,353.88","15,165.50","","0.57%"
"09/04/2025","15,181.13","15,261.00","15,261.00","15,127.88","","-0.61%"
"09/03/2025","15,274.25","15,244.88","15,354.50","15,177.00","","0.38%"
"09/02/2025","15,217.00","15,413.50","15,444.50","15,160.00","","-1.31%"
"09/01/2025","15,418.50","15,401.75","15,493.50","15,387.75","","0.09%"
"08/29/2025","15,403.88","15,262.25","15,414.38","15,191.50","","0.89%"
"08/28/2025","15,268.13","15,114.25","15,279.13","15,087.25","","1.11%"
"08/27/2025","15,100.38","15,248.75","15,345.50","15,040.63","","-1.08%"
"08/26/2025","15,265.88","15,034.25","15,286.13","15,006.25","","1.79%"
"08/22/2025","14,997.63","14,894.25","15,096.88","14,881.00","","0.55%"
"08/21/2025","14,916.13","15,009.00","15,031.00","14,896.88","","-0.63%"
"08/20/2025","15,010.38","15,032.00","15,039.50","14,888.63","","0.08%"
"08/19/2025","14,998.63","15,089.00","15,146.50","14,975.88","","-0.88%"
"08/18/2025","15,131.13","15,126.50","15,148.50","15,019.00","","-0.09%"
"08/15/2025","15,145.38","14,996.38","15,157.38","14,984.25","","0.79%"
"08/14/2025","15,026.88","15,163.63","15,288.75","14,994.88","","-1.32%"
"08/13/2025","15,228.13","15,312.25","15,351.38","15,212.88","","-0.43%"
"08/12/2025","15,293.63","15,249.75","15,330.50","15,157.88","","0.09%"
"08/11/2025","15,279.63","15,079.50","15,333.50","15,076.25","","1.14%"
"08/08/2025","15,107.63","15,128.00","15,204.38","15,034.88","","0.03%"
"08/07/2025","15,102.88","15,052.00","15,218.75","15,052.00","","-0.01%"
"08/06/2025","15,103.88","15,007.88","15,205.25","15,007.88","","0.52%"
"08/05/2025","15,025.88","15,027.13","15,126.50","14,900.13","","-0.25%"
"08/04/2025","15,062.88","14,987.00","15,141.88","14,922.00","","0.56%"
"08/01/2025","14,978.63","14,886.13","14,991.13","14,738.88","","0.41%"
"07/31/2025","14,916.88","14,990.63","15,085.50","14,860.88","","-0.69%"
"07/30/2025","15,020.75","15,243.13","15,286.50","14,991.00","","-1.55%"
"07/29/2025","15,258.00","15,178.75","15,298.00","15,104.75","","0.17%"
"07/28/2025","15,232.50","15,233.75","15,309.25","15,139.50","","0.30%"
"07/25/2025","15,186.50","15,444.50","15,578.00","15,129.13","","-1.47%"
"07/24/2025","15,412.88","15,508.75","15,618.38","15,339.63","","-0.85%"
"07/23/2025","15,544.63","15,512.00","15,579.13","15,410.00","","0.32%"
"07/22/2025","15,494.88","15,480.25","15,540.38","15,367.88","","0.08%"
"07/21/2025","15,482.38","15,201.75","15,556.00","15,176.00","","1.92%"
"07/18/2025","15,190.25","15,006.00","15,209.25","15,006.00","","0.73%"
"07/17/2025","15,080.75","14,979.00","15,090.50","14,887.00","","0.64%"
"07/16/2025","14,984.38","15,145.88","15,234.25","14,937.75","","-1.17%"
"07/15/2025","15,161.50","15,001.50","15,223.75","14,949.75","","0.99%"
"07/14/2025","15,012.50","15,197.00","15,232.75","14,975.50","","-0.84%"
"07/11/2025","15,139.88","15,207.00","15,318.75","15,106.38","","-0.83%"
"07/10/2025","15,266.38","14,987.50","15,280.13","14,976.25","","1.89%"
"07/09/2025","14,983.88","15,009.25","15,036.50","14,937.63","","-0.25%"
"07/08/2025","15,022.13","15,084.50","15,162.00","14,981.25","","-0.74%"
"07/07/2025","15,134.13","15,300.00","15,314.75","15,044.13","","-0.97%"
"07/04/2025","15,281.88","15,299.88","15,425.00","15,237.63","","-0.61%"
"07/03/2025","15,375.88","15,271.00","15,458.38","15,271.00","","0.46%"
"07/02/2025","15,305.13","15,141.63","15,322.13","15,141.63","","0.86%"
"07/01/2025","15,175.38","15,068.63","15,228.38","15,068.63","","-0.14%"
"06/30/2025","15,196.13","15,205.25","15,237.25","15,127.38","","-0.11%"
"06/27/2025","15,212.63","15,106.75","15,281.63","15,106.75","","0.14%"
"06/26/2025","15,191.25","15,017.13","15,245.00","15,017.13","","0.90%"
"06/25/2025","15,056.13","14,851.63","15,064.88","14,851.63","","0.97%"
"06/24/2025","14,911.13","14,782.13","14,990.38","14,766.75","","0.77%"
"06/23/2025","14,797.25","15,026.25","15,026.25","14,755.25","","-1.13%"
"06/20/2025","14,965.63","14,965.00","15,064.50","14,897.88","","-0.25%"
"06/19/2025","15,003.38","15,019.75","15,122.88","14,981.88","","-0.24%"
"06/18/2025","15,039.75","14,861.88","15,073.38","14,861.88","","0.95%"
"06/17/2025","14,898.88","15,022.88","15,045.63","14,888.88","","-0.85%"
"06/16/2025","15,026.13","15,070.50","15,242.00","15,008.63","","-0.83%"
"06/13/2025","15,151.88","15,056.88","15,179.00","15,052.13","","0.30%"
"06/12/2025","15,106.88","15,101.25","15,217.25","15,050.13","","-0.32%"
"06/11/2025","15,155.63","15,255.13","15,378.00","15,109.13","","-0.83%"
"06/10/2025","15,282.75","15,298.50","15,388.75","15,228.13","","-0.59%"
"06/09/2025","15,372.88","15,447.50","15,531.75","15,299.88","","-0.44%"
"06/06/2025","15,440.13","15,414.25","15,511.38","15,388.38","","-0.23%"
"06/05/2025","15,476.38","15,286.38","15,522.13","15,286.38","","0.79%"
"06/04/2025","15,355.38","15,381.63","15,501.13","15,340.38","","-0.48%"
"06/03/2025","15,429.38","15,431.13","15,462.75","15,289.88","","-0.14%"
"06/02/2025","15,451.25","15,235.00","15,529.50","15,235.00","","1.43%"
"05/30/2025","15,233.88","15,308.25","15,424.63","15,171.38","","-0.78%"
"05/29/2025","15,353.38","15,015.75","15,366.13","15,015.75","","1.97%"
"05/28/2025","15,057.13","15,336.13","15,409.00","14,977.13","","-2.05%"
"05/27/2025","15,371.88","15,541.25","15,549.50","15,230.88","","-1.40%"
"05/23/2025","15,590.63","15,495.38","15,610.63","15,367.88","","0.60%"
"05/22/2025","15,496.88","15,557.50","15,614.75","15,386.13","","-0.73%"
"05/21/2025","15,611.13","15,460.88","15,664.25","15,439.63","","1.07%"
"05/20/2025","15,446.38","15,446.88","15,573.38","15,351.88","","-0.36%"
"05/19/2025","15,501.63","15,579.00","15,661.50","15,387.63","","-0.38%"
"05/16/2025","15,561.13","15,732.25","15,837.50","15,551.88","","-1.30%"
"05/15/2025","15,766.88","15,738.00","15,800.88","15,532.63","","-0.12%"
"05/14/2025","15,786.13","15,656.38","15,949.63","15,656.38","","0.66%"
"05/13/2025","15,682.63","15,509.75","15,727.75","15,461.75","","0.94%"
"05/12/2025","15,536.25","15,784.75","15,869.75","15,531.75","","-1.67%"
"05/09/2025","15,799.88","15,510.75","15,802.63","15,473.25","","1.54%"
"05/08/2025","15,560.38","15,495.75","15,614.00","15,450.63","","0.26%"
"05/07/2025","15,519.88","15,613.00","15,727.50","15,444.38","","-0.92%"
"05/06/2025","15,664.38","15,533.75","15,690.00","15,507.75","","0.87%"
"05/02/2025","15,529.88","15,260.50","15,586.25","15,212.25","","2.05%"
"05/01/2025","15,218.63","15,303.50","15,440.38","15,165.13","","-0.81%"
"04/30/2025","15,342.50","15,558.50","15,622.13","15,342.50","","-1.42%"
"04/29/2025","15,564.00","15,613.13","15,658.00","15,510.38","","-0.47%"
"04/28/2025","15,637.63","15,516.50","15,720.88","15,439.00","","1.00%"
"04/25/2025","15,482.88","15,811.25","15,861.25","15,443.88","","-2.15%"
"04/24/2025","15,822.50","15,522.88","15,830.75","15,522.88","","1.83%"
"04/23/2025","15,537.75","15,742.50","15,817.88","15,537.75","","-0.91%"
"04/22/2025","15,680.63","15,651.00","15,746.13","15,573.75","","-0.21%"
"04/17/2025","15,712.88","15,562.13","15,735.38","15,557.38","","0.37%"
"04/16/2025","15,654.38","15,478.88","15,748.88","15,370.00","","0.91%"
"04/15/2025","15,512.63","15,273.88","15,666.63","15,273.88","","1.38%"
"04/14/2025","15,301.38","15,104.50","15,530.38","15,086.00","","1.58%"
"04/11/2025","15,063.13","14,667.25","15,320.50","14,667.25","","2.61%"
"04/10/2025","14,680.13","14,608.63","14,854.50","14,388.00","","4.14%"
"04/09/2025","14,097.00","14,133.88","14,352.63","13,972.00","","-0.78%"
"04/08/2025","14,208.13","14,476.00","14,624.38","14,076.25","","-1.69%"
"04/07/2025","14,452.63","13,942.75","14,856.50","13,820.75","","-1.52%"
"04/04/2025","14,676.25","15,668.00","15,714.75","14,633.88","","-6.65%"
"04/03/2025","15,721.50","15,855.00","15,898.00","15,681.00","","-1.36%"
"04/02/2025","15,937.75","16,149.63","16,153.00","15,936.38","","-0.76%"
"04/01/2025","16,059.25","15,926.63","16,183.63","15,918.63","","1.09%"
"03/31/2025","15,885.50","16,280.13","16,381.63","15,880.38","","-3.11%"
"03/28/2025","16,395.00","16,235.50","16,453.13","16,228.13","","1.11%"
"03/27/2025","16,214.38","16,158.13","16,299.63","16,087.13","","-0.10%"
"03/26/2025","16,230.75","16,158.63","16,287.88","16,002.38","","0.00%"
"03/25/2025","16,230.00","15,935.13","16,254.13","15,935.13","","1.44%"
"03/24/2025","16,000.38","16,062.50","16,212.75","15,979.75","","-0.67%"
"03/21/2025","16,108.00","16,196.13","16,293.00","16,025.63","","-1.02%"
"03/20/2025","16,273.75","16,384.00","16,406.00","16,039.50","","-0.59%"
"03/19/2025","16,371.00","16,194.88","16,588.13","16,194.88","","0.83%"
"03/18/2025","16,236.75","16,395.00","16,442.50","16,136.75","","-0.85%"
"03/17/2025","16,375.38","16,564.25","16,658.63","16,292.63","","-0.88%"
"03/14/2025","16,520.13","16,402.75","16,752.63","16,402.75","","0.49%"
"03/13/2025","16,438.88","16,658.25","16,675.75","16,340.63","","-1.17%"
"03/12/2025","16,632.75","16,459.25","16,735.38","16,418.75","","0.90%"
"03/11/2025","16,484.13","16,417.25","16,565.00","16,324.25","","0.34%"
"03/10/2025","16,428.50","16,407.25","16,679.25","16,378.00","","0.17%"
"03/07/2025","16,401.38","16,222.75","16,553.38","16,155.00","","0.96%"
"03/06/2025","16,244.88","15,878.50","16,306.13","15,873.75","","2.50%"
"03/05/2025","15,848.38","15,908.38","16,133.13","15,785.38","","-0.61%"
"03/04/2025","15,945.63","15,870.75","16,031.63","15,719.13","","0.20%"
"03/03/2025","15,914.13","15,539.25","16,015.13","15,520.75","","2.92%"
"02/28/2025","15,461.88","15,797.50","15,832.00","15,407.13","","-2.10%"
"02/27/2025","15,792.75","15,523.38","15,902.38","15,521.25","","1.46%"
"02/26/2025","15,565.63","15,306.75","15,645.88","15,306.75","","1.49%"
"02/25/2025","15,336.63","15,321.50","15,410.75","15,265.38","","-0.50%"
"02/24/2025","15,413.38","15,460.00","15,658.50","15,404.75","","-0.52%"
"02/21/2025","15,493.63","15,621.50","15,641.00","15,396.38","","-0.83%"
"02/20/2025","15,622.63","15,416.00","15,697.88","15,396.25","","1.31%"
"02/19/2025","15,420.13","15,309.50","15,426.13","15,255.88","","0.42%"
"02/18/2025","15,355.63","15,452.50","15,497.25","15,282.13","","-0.90%"
"02/17/2025","15,495.13","15,424.25","15,509.13","15,362.13","","0.05%"
"02/14/2025","15,487.63","15,460.50","15,573.63","15,424.88","","0.67%"
"02/13/2025","15,383.88","15,354.88","15,469.25","15,219.38","","-0.28%"
"02/12/2025","15,427.38","15,429.88","15,486.00","15,321.25","","0.96%"
"02/11/2025","15,280.00","15,388.00","15,396.00","15,230.00","","-1.16%"
"02/11/2025","15,459.88","15,272.38","15,532.13","15,249.38","","-0.45%"
"02/10/2025","15,530.00","15,768.00","15,785.00","15,442.00","","-1.33%"
"02/07/2025","15,740.00","15,765.00","15,802.00","15,653.00","","-0.49%"
"02/06/2025","15,818.00","15,737.00","15,818.00","15,652.00","","1.70%"
"02/05/2025","15,554.00","15,282.00","15,576.00","15,215.00","","1.71%"
"02/04/2025","15,293.00","15,067.00","15,311.00","15,015.00","","1.43%"
"02/03/2025","15,077.00","15,100.00","15,206.00","15,002.00","","-0.73%"
"01/31/2025","15,188.00","15,365.00","15,365.00","15,140.00","","-1.18%"
"01/30/2025","15,369.00","15,360.00","15,437.00","15,340.00","","-0.29%"
"01/29/2025","15,413.00","15,362.00","15,523.00","15,337.00","","-1.04%"
"01/28/2025","15,575.00","15,549.00","15,612.00","15,337.00","","0.15%"
"01/27/2025","15,552.00","15,620.00","15,800.00","15,493.00","","-0.02%"
"01/24/2025","15,555.00","15,702.00","15,715.00","15,540.00","","-0.44%"
"01/23/2025","15,623.00","15,552.00","15,688.00","15,532.00","","-0.72%"
"01/22/2025","15,737.00","15,870.00","15,875.00","15,653.00","","-1.88%"
"01/21/2025","16,038.00","15,996.00","16,102.00","15,965.00","","0.17%"
"01/20/2025","16,010.00","15,900.00","16,100.00","15,790.00","","-0.17%"
"01/17/2025","16,038.00","15,897.00","16,080.00","15,872.00","","0.80%"
"01/16/2025","15,910.00","15,785.00","15,947.00","15,762.00","","0.75%"
"01/15/2025","15,792.00","15,845.00","15,892.00","15,765.00","","-0.74%"
"01/14/2025","15,910.00","15,773.00","15,932.00","15,745.00","","0.35%"
"01/13/2025","15,855.00","15,655.00","15,888.00","15,653.00","","1.52%"
"01/10/2025","15,618.00","15,476.00","15,637.00","15,440.00","","0.99%"
"01/09/2025","15,465.00","15,342.00","15,475.00","15,310.00","","0.32%"
"01/08/2025","15,415.00","15,402.00","15,443.00","15,280.00","","0.23%"
"01/07/2025","15,380.00","15,155.00","15,387.50","15,152.00","","1.19%"
"01/06/2025","15,199.00","14,937.00","15,331.00","14,934.00","","0.41%"
"01/03/2025","15,137.00","15,020.00","15,137.00","14,873.00","","0.72%"
"01/02/2025","15,029.00","15,317.00","15,343.00","15,028.00","","-1.72%"
"12/31/2024","15,292.00","15,387.00","15,415.00","15,273.00","","-1.02%"
"12/30/2024","15,450.00","15,498.00","15,652.00","15,362.00","","1.00%"
"12/27/2024","15,297.00","15,329.00","15,368.00","15,183.00","","-1.02%"
"12/24/2024","15,455.00","15,450.00","15,540.00","15,410.00","","0.41%"
"12/23/2024","15,392.00","15,403.00","15,496.00","15,243.00","","0.59%"
"12/20/2024","15,302.00","15,145.00","15,337.00","15,130.00","","1.65%"
"12/19/2024","15,053.00","15,272.00","15,465.00","15,045.00","","-3.13%"
"12/18/2024","15,540.00","15,455.00","15,548.00","15,438.00","","0.37%"
"12/17/2024","15,483.00","15,557.00","15,583.00","15,467.00","","-1.02%"
"12/16/2024","15,643.00","15,765.00","15,830.00","15,643.00","","-1.20%"
"12/13/2024","15,833.00","16,160.00","16,235.00","15,759.50","","-1.95%"
"12/12/2024","16,148.00","16,145.00","16,197.00","16,088.00","","2.20%"
"12/11/2024","15,800.00","15,730.00","15,842.00","15,687.00","","0.32%"
"12/10/2024","15,750.00","15,825.00","15,840.00","15,650.00","","-1.38%"
"12/09/2024","15,970.00","16,050.00","16,067.00","15,883.00","","-0.01%"
"12/06/2024","15,971.00","15,993.00","16,095.00","15,971.00","","0.30%"
"12/05/2024","15,924.00","16,012.00","16,012.00","15,820.00","","-0.69%"
"12/04/2024","16,034.00","16,148.00","16,172.00","15,968.00","","-0.01%"
"12/03/2024","16,035.00","15,890.00","16,046.00","15,878.00","","2.01%"
"12/02/2024","15,719.00","15,825.00","15,853.00","15,620.00","","-1.50%"
"11/29/2024","15,958.00","15,996.00","16,042.00","15,848.00","","-0.74%"
"11/28/2024","16,077.00","15,980.00","16,090.00","15,963.00","","1.23%"
"11/27/2024","15,881.00","15,920.00","16,045.00","15,802.00","","-0.47%"
"11/26/2024","15,956.00","16,045.00","16,117.00","15,910.00","","-1.41%"
"11/25/2024","16,185.00","15,951.00","16,252.00","15,896.00","","2.26%"
"11/22/2024","15,827.00","15,745.00","16,003.00","15,698.00","","1.06%"
"11/21/2024","15,661.00","15,998.00","16,013.00","15,633.00","","-1.07%"
"11/20/2024","15,831.00","15,980.00","16,107.00","15,831.00","","0.39%"
"11/19/2024","15,770.00","15,833.00","15,959.00","15,743.00","","0.48%"
"11/18/2024","15,694.00","15,600.00","15,711.00","15,433.00","","1.49%"
"11/15/2024","15,463.00","15,543.00","15,830.00","15,457.00","","-1.43%"
"11/14/2024","15,688.00","15,697.00","15,730.00","15,545.00","","-0.25%"
"11/13/2024","15,727.00","15,877.00","15,913.00","15,693.00","","-1.37%"
"11/12/2024","15,945.00","15,928.00","16,079.50","15,850.00","","-0.69%"
"11/11/2024","16,055.00","16,151.00","16,243.00","16,044.50","","-1.42%"
"11/08/2024","16,287.00","16,395.00","16,490.00","16,285.00","","-1.84%"
"11/07/2024","16,593.00","16,323.00","16,593.00","16,317.00","","2.60%"
"11/06/2024","16,172.00","15,942.00","16,182.00","15,860.00","","0.29%"
"11/05/2024","16,125.00","16,166.00","16,335.00","16,066.00","","0.30%"
"11/04/2024","16,077.00","15,932.00","16,077.00","15,885.00","","0.86%"
"11/01/2024","15,940.00","15,871.00","16,122.00","15,871.00","","1.53%"
"10/31/2024","15,700.00","15,780.00","15,850.00","15,678.00","","-0.51%"
"10/30/2024","15,780.00","15,855.00","16,051.00","15,778.00","","-0.54%"
"10/29/2024","15,865.00","15,928.00","16,035.00","15,822.00","","-0.68%"
"10/28/2024","15,974.00","16,115.00","16,173.00","15,907.00","","-0.81%"
"10/25/2024","16,104.00","16,195.00","16,235.00","16,078.00","","-0.96%"
"10/24/2024","16,260.00","16,273.00","16,368.00","16,213.00","","0.17%"
"10/23/2024","16,232.00","16,212.00","16,310.00","16,118.00","","-1.41%"
"10/22/2024","16,464.00","16,587.00","16,623.00","16,275.00","","-0.99%"
"10/21/2024","16,628.00","17,092.00","17,097.00","16,605.00","","-1.79%"
"10/18/2024","16,931.00","16,930.00","17,025.00","16,802.00","","-0.47%"
"10/17/2024","17,011.00","17,010.00","17,092.00","16,836.00","","-1.85%"
"10/16/2024","17,332.00","17,268.00","17,383.00","17,218.00","","-0.44%"
"10/15/2024","17,409.00","17,362.00","17,475.00","17,283.00","","-1.33%"
"10/14/2024","17,644.00","17,647.00","17,737.00","17,442.00","","-1.22%"
"10/11/2024","17,862.00","17,565.00","17,918.00","17,565.00","","1.99%"
"10/10/2024","17,513.00","17,355.00","17,567.00","17,286.00","","0.35%"
"10/09/2024","17,452.00","17,694.00","17,758.00","17,285.00","","-1.48%"
"10/08/2024","17,715.00","17,530.00","17,780.00","17,495.00","","-1.22%"
"10/07/2024","17,933.00","17,900.00","18,188.00","17,882.00","","0.46%"
"10/04/2024","17,850.00","17,828.00","18,008.00","17,688.00","","0.30%"
"10/03/2024","17,797.00","18,228.00","18,258.00","17,481.00","","-2.14%"
"10/02/2024","18,187.00","17,853.00","18,208.00","17,805.00","","3.01%"
"10/01/2024","17,655.00","17,683.00","17,763.00","17,578.00","","1.03%"
"09/30/2024","17,475.00","17,140.00","17,544.00","17,118.00","","2.89%"
"09/27/2024","16,984.00","16,837.00","16,984.00","16,772.00","","1.32%"
"09/26/2024","16,763.00","16,785.00","16,830.00","16,628.00","","0.07%"
"09/25/2024","16,752.00","16,568.00","16,788.00","16,492.00","","0.34%"
"09/24/2024","16,695.00","16,625.00","16,717.00","16,560.00","","1.14%"
"09/23/2024","16,507.00","16,415.00","16,518.00","16,288.00","","0.49%"
"09/20/2024","16,426.00","16,398.00","16,495.00","16,390.00","","0.80%"
"09/19/2024","16,295.00","16,418.00","16,435.00","16,230.00","","0.66%"
"09/18/2024","16,188.00","16,123.00","16,293.00","16,123.00","","0.56%"
"09/17/2024","16,098.00","16,352.00","16,365.00","16,097.00","","-1.16%"
"09/16/2024","16,287.00","16,015.00","16,289.00","15,933.00","","2.52%"
"09/13/2024","15,887.00","16,057.00","16,094.00","15,878.00","","-0.87%"
"09/12/2024","16,027.00","16,098.00","16,214.00","16,013.00","","-0.23%"
"09/11/2024","16,064.00","15,928.20","16,093.10","15,769.30","","2.06%"
"09/06/2024","15,740.30","15,916.10","16,038.50","15,707.50","","-1.88%"
"09/05/2024","16,042.10","15,955.70","16,051.10","15,895.20","","-0.25%"
"09/04/2024","16,082.28","16,389.78","16,487.28","16,071.53","","-1.88%"
"09/03/2024","16,389.78","16,573.03","16,731.03","16,296.78","","-1.11%"
"09/02/2024","16,573.03","16,732.28","16,747.28","16,550.53","","-0.41%"
"08/30/2024","16,641.53","16,993.03","17,138.03","16,641.53","","-1.67%"
"08/29/2024","16,924.28","16,979.53","17,047.53","16,910.28","","0.25%"
"08/28/2024","16,882.53","17,105.53","17,118.03","16,819.03","","-1.01%"
"08/27/2024","17,055.28","16,853.53","17,147.03","16,847.78","","2.51%"
"08/23/2024","16,638.03","16,572.28","16,909.78","16,532.03","","0.91%"
"08/22/2024","16,488.28","16,857.53","16,925.03","16,472.03","","-1.63%"
"08/21/2024","16,761.03","16,873.03","17,063.78","16,759.03","","-0.07%"
"08/20/2024","16,773.53","16,719.53","17,073.28","16,535.03","","0.47%"
"08/19/2024","16,695.53","16,360.78","16,780.28","16,349.28","","2.12%"
"08/16/2024","16,348.53","16,360.28","16,418.03","16,119.28","","0.67%"
"08/15/2024","16,239.03","16,233.53","16,467.78","16,166.53","","0.63%"
"08/14/2024","16,137.03","16,406.03","16,454.78","16,132.53","","-0.99%"
"08/13/2024","16,298.53","16,346.03","16,445.53","16,168.03","","0.68%"
"08/12/2024","16,188.28","16,238.03","16,425.53","16,087.78","","-0.06%"
"08/09/2024","16,197.28","16,186.03","16,468.53","16,117.78","","0.65%"
"08/08/2024","16,093.03","16,188.53","16,245.53","16,091.28","","-0.26%"
"08/07/2024","16,134.78","16,381.03","16,397.28","16,129.03","","-1.11%"
"08/06/2024","16,316.28","16,215.53","16,464.28","16,176.53","","1.31%"
"08/05/2024","16,105.53","16,297.53","16,436.28","15,943.78","","-0.94%"
"08/02/2024","16,258.28","16,260.53","16,550.53","16,153.03","","0.75%"
"08/01/2024","16,136.78","16,589.53","16,669.28","16,112.53","","-1.59%"
"07/31/2024","16,398.03","16,095.53","16,769.78","16,090.53","","2.57%"
"07/30/2024","15,986.53","15,895.78","16,157.53","15,803.78","","0.97%"
"07/29/2024","15,832.53","15,866.53","15,949.03","15,721.78","","0.67%"
"07/26/2024","15,727.78","15,904.28","15,919.03","15,715.53","","0.05%"
"07/25/2024","15,719.28","15,691.78","15,950.78","15,594.53","","-0.34%"
"07/24/2024","15,772.78","16,061.53","16,061.53","15,771.28","","-1.33%"
"07/23/2024","15,984.78","16,127.28","16,168.53","15,984.78","","-0.81%"
"07/22/2024","16,115.03","16,232.78","16,274.53","16,073.03","","-0.38%"
"07/19/2024","16,176.28","16,392.78","16,483.28","16,176.28","","-1.19%"
"07/18/2024","16,371.03","16,551.78","16,557.53","16,367.53","","-0.31%"
"07/17/2024","16,422.03","16,605.78","16,699.78","16,421.28","","-1.28%"
"07/16/2024","16,634.53","16,759.78","16,772.53","16,577.53","","-0.18%"
"07/15/2024","16,664.53","16,854.28","16,867.28","16,664.53","","-0.94%"
"07/12/2024","16,822.28","16,941.03","17,006.28","16,787.03","","0.31%"
"07/11/2024","16,769.53","16,877.28","17,249.03","16,769.53","","0.11%"
"07/10/2024","16,751.28","17,057.53","17,147.78","16,749.53","","-1.79%"
"07/09/2024","17,056.28","17,436.78","17,444.03","17,038.78","","-1.65%"
"07/08/2024","17,342.78","17,451.53","17,499.28","17,317.03","","0.40%"
"07/05/2024","17,273.53","17,322.53","17,574.28","17,273.53","","0.53%"
"07/04/2024","17,183.03","17,329.53","17,336.53","17,117.53","","-0.83%"
"07/03/2024","17,326.53","17,229.53","17,596.78","17,192.78","","2.17%"
"07/02/2024","16,958.53","17,471.28","17,575.28","16,955.03","","-2.23%"
"07/01/2024","17,346.03","17,314.03","17,473.28","17,269.53","","1.18%"
"06/28/2024","17,143.03","17,269.78","17,332.53","17,143.03","","-0.27%"
"06/27/2024","17,189.28","17,025.78","17,288.28","16,967.03","","1.00%"
"06/26/2024","17,019.28","17,354.53","17,367.53","17,019.28","","-0.62%"
"06/25/2024","17,125.78","17,297.53","17,317.53","17,058.28","","-0.10%"
"06/24/2024","17,142.53","17,182.28","17,412.53","17,118.78","","0.24%"
"06/21/2024","17,102.28","17,276.78","17,302.53","17,095.28","","-1.13%"
"06/20/2024","17,298.53","17,436.53","17,569.53","17,298.53","","0.29%"
"06/19/2024","17,247.78","17,329.78","17,462.53","17,242.78","","0.08%"
"06/18/2024","17,234.28","17,350.78","17,368.78","17,200.53","","-0.50%"
"06/17/2024","17,320.78","17,401.53","17,646.78","17,278.03","","-1.25%"
"06/14/2024","17,539.28","17,679.03","17,679.03","17,409.53","","-0.73%"
"06/13/2024","17,668.28","17,906.78","17,906.78","17,614.28","","-1.48%"
"06/12/2024","17,933.28","18,026.53","18,166.28","17,758.53","","-0.08%"
"06/11/2024","17,948.53","18,007.53","18,084.78","17,765.03","","-0.31%"
"06/10/2024","18,004.53","18,180.03","18,185.28","17,868.78","","-0.40%"
"06/07/2024","18,077.03","18,671.03","18,671.03","18,005.03","","-2.39%"
"06/06/2024","18,520.53","18,599.78","18,656.78","18,312.53","","0.10%"
"06/05/2024","18,502.78","18,791.78","18,798.28","18,253.53","","-1.49%"
"06/04/2024","18,783.53","19,499.53","19,536.03","18,783.53","","-3.17%"
"06/03/2024","19,398.53","19,710.78","19,710.78","19,262.28","","-0.73%"
"05/31/2024","19,541.53","20,210.78","20,328.28","19,541.53","","-2.38%"
"05/30/2024","20,017.28","20,171.78","20,238.53","19,947.53","","-1.98%"
"05/29/2024","20,420.78","20,692.53","20,755.03","20,340.78","","-0.16%"
"05/28/2024","20,453.53","20,454.78","20,574.78","20,306.78","","1.16%"
"05/24/2024","20,219.78","20,277.78","20,365.03","20,158.78","","0.70%"
"05/23/2024","20,080.03","20,117.03","20,346.03","19,870.53","","-1.39%"
"05/22/2024","20,363.78","21,238.78","21,249.28","20,309.28","","-3.84%"
"05/21/2024","21,176.28","21,371.28","21,697.28","21,117.78","","-0.63%"
"05/20/2024","21,310.53","21,520.03","21,744.03","21,115.53","","1.30%"
"05/17/2024","21,037.28","20,710.78","21,362.53","20,683.78","","5.42%"
"05/16/2024","19,955.78","19,581.03","20,146.78","19,474.03","","2.54%"
"05/15/2024","19,462.28","19,179.53","19,551.28","19,071.78","","2.68%"
"05/14/2024","18,953.53","19,256.03","19,342.53","18,953.53","","-0.62%"
"05/13/2024","19,071.03","18,992.78","19,263.53","18,957.53","","0.28%"
"05/10/2024","19,018.03","19,155.53","19,162.78","18,891.28","","0.07%"
"05/09/2024","19,005.28","18,875.53","19,091.78","18,669.78","","1.14%"
"05/08/2024","18,791.78","18,817.28","18,973.28","18,604.28","","-1.26%"
"05/07/2024","19,032.53","19,251.28","19,431.03","18,978.28","","-0.60%"
"05/03/2024","19,147.78","18,756.53","19,303.53","18,755.28","","2.49%"
"05/02/2024","18,682.03","18,804.53","18,938.78","18,547.03","","-0.78%"
"05/01/2024","18,829.03","19,189.28","19,235.78","18,705.03","","-1.71%"
"04/30/2024","19,156.28","19,234.28","19,307.28","19,055.28","","-0.16%"
"04/29/2024","19,187.28","19,242.03","19,413.78","19,094.53","","0.17%"
"04/26/2024","19,154.78","19,447.28","19,487.28","19,079.78","","0.37%"
"04/25/2024","19,084.53","18,986.78","19,204.78","18,897.28","","1.46%"
"04/24/2024","18,810.28","19,204.03","19,335.53","18,787.78","","-1.03%"
"04/23/2024","19,005.53","19,067.28","19,229.53","18,834.28","","-2.91%"
"04/22/2024","19,575.78","19,198.53","19,782.78","19,031.03","","1.07%"
"04/19/2024","19,368.53","18,451.28","19,497.53","18,451.28","","4.97%"
"04/18/2024","18,451.28","18,451.03","18,807.53","18,128.28","","2.16%"
"04/17/2024","18,061.28","17,953.78","18,282.28","17,863.28","","1.91%"
"04/16/2024","17,722.53","17,722.78","17,845.53","17,594.28","","-1.00%"
"04/15/2024","17,901.53","18,345.53","18,366.28","17,642.78","","1.30%"
"04/12/2024","17,672.53","17,931.78","18,147.53","17,632.78","","-0.07%"
"04/11/2024","17,685.78","18,318.78","18,360.53","17,560.03","","-4.05%"
"04/10/2024","18,432.53","18,276.78","18,903.28","18,132.53","","1.18%"
"04/09/2024","18,217.53","17,735.03","18,297.28","17,721.28","","2.61%"
"04/08/2024","17,754.78","17,660.03","17,935.03","17,646.78","","0.33%"
"04/05/2024","17,696.53","17,638.78","17,838.03","17,545.03","","0.57%"
"04/04/2024","17,596.53","17,378.78","17,743.53","17,308.53","","1.93%"
"04/03/2024","17,264.03","17,047.53","17,494.78","16,863.53","","1.67%"
"04/02/2024","16,980.03","16,955.78","17,237.03","16,870.03","","1.69%"
"03/28/2024","16,698.03","16,824.78","16,858.53","16,663.53","","0.34%"
"03/27/2024","16,641.78","16,628.28","16,658.78","16,553.53","","-0.25%"
"03/26/2024","16,683.53","16,904.28","16,904.28","16,636.53","","-1.76%"
"03/25/2024","16,982.53","17,228.78","17,241.78","16,888.03","","-1.17%"
"03/22/2024","17,183.78","17,366.53","17,463.78","17,163.78","","-1.94%"
"03/21/2024","17,523.03","17,644.28","17,661.03","17,466.78","","-0.19%"
"03/20/2024","17,555.53","17,504.78","17,592.53","17,367.28","","0.90%"
"03/19/2024","17,399.28","17,746.53","17,746.53","17,346.28","","-2.64%"
"03/18/2024","17,871.28","17,906.78","18,067.03","17,811.53","","-0.32%"
"03/15/2024","17,929.28","18,100.78","18,335.03","17,902.28","","-0.99%"
"03/14/2024","18,108.28","18,286.03","18,286.03","17,975.78","","-1.14%"
"03/13/2024","18,317.53","18,499.03","18,523.78","18,224.78","","-1.01%"
"03/12/2024","18,505.28","18,346.03","18,560.03","18,265.78","","0.95%"
"03/11/2024","18,331.78","17,977.03","18,475.53","17,921.78","","1.93%"
"03/08/2024","17,984.78","17,992.53","18,165.53","17,938.28","","0.84%"
"03/07/2024","17,835.53","17,732.53","17,998.53","17,732.53","","1.61%"
"03/06/2024","17,553.03","17,602.53","17,737.03","17,535.53","","-0.27%"
"03/05/2024","17,601.03","17,694.53","17,969.03","17,600.53","","-1.55%"
"03/04/2024","17,878.03","17,640.28","17,960.78","17,632.03","","0.91%"
"03/01/2024","17,716.53","17,620.03","17,779.78","17,217.03","","-0.60%"
"02/29/2024","17,823.78","17,652.03","17,940.78","17,612.53","","0.95%"
"02/28/2024","17,655.78","17,313.53","17,700.28","17,268.03","","0.95%"
"02/27/2024","17,488.78","17,274.53","17,533.28","17,241.53","","2.61%"
"02/26/2024","17,043.28","17,106.28","17,316.53","17,041.03","","-2.60%"
"02/23/2024","17,498.03","17,344.78","17,574.78","17,283.78","","0.88%"
"02/22/2024","17,344.78","16,997.28","17,431.78","16,964.53","","3.43%"
"02/21/2024","16,769.78","16,577.03","16,950.03","16,571.53","","2.18%"
"02/20/2024","16,411.53","16,285.28","16,550.03","16,223.03","","0.57%"
"02/19/2024","16,318.78","16,289.53","16,456.03","16,195.53","","-0.01%"
"02/16/2024","16,320.03","16,325.53","16,452.78","16,251.53","","0.88%"
"02/15/2024","16,177.78","16,415.28","16,570.53","16,172.03","","-0.58%"
"02/14/2024","16,272.53","16,257.28","16,533.28","16,209.53","","0.31%"
"02/13/2024","16,222.53","16,038.28","16,284.53","16,038.28","","1.34%"
"02/12/2024","16,008.78","15,959.78","16,057.78","15,914.78","","0.82%"
"02/09/2024","15,878.53","16,086.78","16,118.53","15,850.78","","-1.12%"
"02/08/2024","16,059.03","16,094.28","16,154.53","15,893.78","","0.87%"
"02/07/2024","15,920.53","15,846.03","16,035.78","15,838.78","","0.44%"
"02/06/2024","15,850.78","16,007.03","16,007.03","15,845.78","","-0.21%"
"02/05/2024","15,884.53","16,114.78","16,184.28","15,869.78","","-1.87%"
"02/02/2024","16,187.78","16,252.03","16,427.03","16,183.28","","-0.02%"
"02/01/2024","16,190.53","16,149.78","16,343.78","16,067.28","","-0.15%"
"01/31/2024","16,215.53","16,437.53","16,470.53","16,204.53","","-1.49%"
"01/30/2024","16,461.53","16,369.78","16,537.03","16,266.03","","0.33%"
"01/29/2024","16,408.03","16,548.03","16,627.28","16,354.03","","-0.82%"
"01/26/2024","16,543.78","16,724.53","16,797.53","16,537.53","","-1.04%"
"01/25/2024","16,718.28","16,502.78","16,776.28","16,501.53","","0.54%"
"01/24/2024","16,629.03","16,360.78","16,683.53","16,270.28","","2.39%"
"01/23/2024","16,241.28","16,283.03","16,372.03","16,147.03","","1.68%"
"01/22/2024","15,973.53","16,023.28","16,087.53","15,916.53","","-0.15%"
"01/19/2024","15,997.28","16,246.28","16,341.78","15,996.03","","-0.70%"
"01/18/2024","16,109.28","16,210.03","16,218.28","16,053.03","","0.40%"
"01/17/2024","16,045.03","16,117.03","16,210.03","15,995.78","","-0.81%"
"01/16/2024","16,175.28","16,125.78","16,259.53","16,101.53","","0.37%"
"01/15/2024","16,115.53","16,225.28","16,460.03","16,099.03","","-0.88%"
"01/12/2024","16,258.28","16,405.53","16,469.03","16,188.53","","-0.86%"
"01/11/2024","16,399.03","16,444.03","16,544.53","16,318.53","","0.30%"
"01/10/2024","16,349.78","16,209.53","16,482.53","16,113.78","","1.09%"
"01/09/2024","16,173.53","16,311.28","16,328.78","16,122.78","","-0.20%"
"01/08/2024","16,206.03","16,431.78","16,481.03","16,107.03","","-0.53%"
"01/05/2024","16,292.53","15,974.78","16,407.03","15,911.28","","1.31%"
"01/04/2024","16,081.78","16,338.53","16,388.53","16,043.03","","-1.78%"
"01/03/2024","16,373.03","16,659.28","16,659.28","16,290.03","","-0.84%"
"01/02/2024","16,512.53","16,693.03","16,851.03","16,484.28","","-0.64%"
"12/29/2023","16,618.78","16,466.28","16,825.03","16,421.03","","-0.17%"
"12/28/2023","16,647.28","16,862.53","17,032.78","16,647.28","","-1.28%"
"12/27/2023","16,862.53","16,824.03","16,969.78","16,632.78","","1.77%"
"12/22/2023","16,568.53","16,931.28","17,003.28","16,481.03","","-1.50%"
"12/21/2023","16,821.53","16,695.03","17,056.78","16,638.03","","0.38%"
"12/20/2023","16,758.03","16,684.03","16,933.53","16,606.28","","0.71%"
"12/19/2023","16,639.53","16,454.53","16,774.03","16,447.03","","1.33%"
"12/18/2023","16,420.53","16,866.28","17,079.28","16,400.03","","-3.54%"
"12/15/2023","17,022.78","17,013.03","17,208.03","16,840.53","","0.58%"
"12/14/2023","16,924.03","16,653.53","17,031.03","16,650.78","","3.42%"
"12/13/2023","16,364.53","16,365.53","16,524.03","16,303.03","","-0.64%"
"12/12/2023","16,469.53","16,600.03","16,671.28","16,394.28","","-0.30%"
"12/11/2023","16,519.03","16,731.28","16,855.03","16,459.78","","-1.41%"
"12/08/2023","16,755.03","16,797.28","17,024.53","16,690.28","","0.94%"
"12/07/2023","16,599.78","16,540.03","16,655.28","16,242.03","","2.64%"
"12/06/2023","16,172.28","16,556.53","16,665.28","16,169.78","","-0.45%"
"12/05/2023","16,245.78","16,389.28","16,524.78","16,114.53","","-2.41%"
"12/04/2023","16,646.28","16,600.03","16,824.28","16,453.03","","-1.52%"
"12/01/2023","16,903.28","16,651.03","17,104.28","16,515.78","","1.55%"
"11/30/2023","16,644.53","16,902.22","16,902.22","16,463.28","","-3.13%"
"11/29/2023","17,181.53","17,084.78","17,288.53","16,835.53","","2.58%"
"11/28/2023","16,748.78","16,434.78","16,850.28","16,267.28","","4.56%"
"11/27/2023","16,018.78","15,932.28","16,178.78","15,854.53","","-0.58%"
"11/24/2023","16,113.03","16,485.28","16,498.53","16,010.78","","-2.65%"
"11/23/2023","16,551.03","16,457.03","16,708.03","16,309.03","","0.60%"
"11/22/2023","16,452.78","16,696.03","16,856.28","16,422.28","","-2.89%"
"11/21/2023","16,941.78","16,865.03","17,033.03","16,750.78","","0.28%"
"11/20/2023","16,894.78","16,962.53","17,098.78","16,729.28","","-1.17%"
"11/17/2023","17,094.28","17,097.23","17,155.03","16,827.98","","0.17%"
"11/16/2023","17,064.98","17,343.48","17,389.48","16,963.73","","-2.07%"
"11/15/2023","17,425.98","17,458.73","17,562.23","17,301.98","","0.10%"
"11/14/2023","17,408.98","17,259.23","17,589.73","17,184.23","","0.39%"
"11/13/2023","17,340.73","17,394.23","17,420.48","17,042.48","","0.97%"
"11/10/2023","17,174.48","17,634.23","17,672.73","17,174.48","","-3.18%"
"11/09/2023","17,737.98","17,970.48","17,992.48","17,737.98","","-1.43%"
"11/08/2023","17,995.98","18,129.23","18,196.73","17,847.48","","0.48%"
"11/07/2023","17,910.73","17,973.98","18,041.48","17,667.48","","-2.52%"
"11/06/2023","18,373.23","18,238.73","18,487.98","18,102.98","","1.28%"
"11/03/2023","18,141.23","18,026.48","18,249.48","17,923.48","","1.32%"
"11/02/2023","17,905.23","17,966.73","18,086.98","17,893.73","","-0.14%"
"11/01/2023","17,929.73","17,994.23","18,194.48","17,922.98","","-0.80%"
"10/31/2023","18,074.73","18,293.98","18,378.98","18,028.98","","-1.27%"
"10/27/2023","18,307.78","18,138.03","18,440.53","18,117.28","","1.63%"
"10/26/2023","18,014.03","18,197.53","18,245.28","17,990.28","","-0.95%"
"10/25/2023","18,186.53","18,307.53","18,496.78","18,183.78","","-0.57%"
"10/24/2023","18,290.53","18,266.03","18,347.78","17,938.03","","0.52%"
"10/23/2023","18,196.78","18,552.53","18,552.53","18,157.53","","-2.12%"
"10/20/2023","18,591.28","18,268.03","18,758.28","18,252.53","","0.54%"
"10/19/2023","18,492.28","18,451.53","18,681.03","18,451.53","","-0.19%"
"10/18/2023","18,527.78","18,561.78","18,761.28","18,463.28","","-0.14%"
"10/17/2023","18,553.28","18,532.03","18,635.53","18,358.78","","0.11%"
"10/16/2023","18,532.03","18,690.03","18,787.03","18,532.03","","0.00%"
"10/13/2023","18,532.03","18,594.03","18,775.78","18,461.53","","-0.63%"
"10/12/2023","18,649.78","18,509.28","18,883.78","18,509.28","","1.42%"
"10/11/2023","18,389.01","18,601.28","18,605.28","18,282.03","","-1.17%"
"10/10/2023","18,606.26","18,694.78","18,785.28","18,496.28","","-1.57%"
"10/09/2023","18,902.26","18,614.03","18,969.78","18,522.03","","2.21%"
"10/06/2023","18,493.01","18,488.03","18,657.53","18,328.28","","0.68%"
"10/05/2023","18,368.51","18,588.76","18,676.76","18,345.76","","-1.18%"
"10/04/2023","18,588.76","18,705.76","18,966.51","18,579.76","","-0.31%"
"10/03/2023","18,645.76","18,787.51","18,990.51","18,639.26","","-0.81%"
"10/02/2023","18,798.26","18,807.26","19,025.26","18,676.51","","0.76%"
"09/29/2023","18,655.76","19,088.26","19,255.76","18,653.76","","-1.45%"
"09/28/2023","18,930.26","18,928.76","19,354.76","18,823.51","","-0.35%"
"09/27/2023","18,996.01","18,648.01","19,043.76","18,567.51","","0.62%"
"09/26/2023","18,878.76","19,088.01","19,088.01","18,786.01","","-1.08%"
"09/25/2023","19,085.01","19,417.76","19,417.76","19,081.26","","-1.41%"
"09/22/2023","19,358.01","19,314.76","19,501.51","19,207.76","","1.25%"
"09/21/2023","19,119.01","19,395.01","19,480.76","19,117.76","","-2.14%"
"09/20/2023","19,537.76","20,040.26","20,052.76","19,536.26","","-2.08%"
"09/19/2023","19,952.76","19,872.26","20,004.76","19,557.26","","0.39%"
"09/18/2023","19,875.51","20,074.01","20,187.01","19,775.51","","1.01%"
"09/15/2023","19,676.00","19,676.00","19,676.00","19,676.00","","-2.11%"
"09/14/2023","20,100.00","20,150.00","20,150.00","20,100.00","","1.14%"
"09/13/2023","19,873.00","19,873.00","19,873.00","19,873.00","","0.86%"
"09/12/2023","19,703.50","19,703.50","19,703.50","19,703.50","","-2.81%"
"09/11/2023","20,274.00","20,274.00","20,274.00","20,274.00","","2.16%"
"09/08/2023","19,846.00","20,140.00","20,140.00","19,846.00","","-2.18%"
"09/07/2023","20,288.00","20,180.00","20,288.00","20,130.00","","-0.57%"
"09/06/2023","20,404.00","20,630.00","20,630.00","20,404.00","","-2.22%"
"09/05/2023","20,868.00","20,868.00","20,868.00","20,868.00","","0.00%"
"09/04/2023","20,868.00","20,775.00","20,910.00","20,635.00","","-0.23%"
"09/01/2023","20,917.00","20,450.00","20,917.00","20,420.00","","4.00%"
"08/31/2023","20,113.00","20,450.00","20,450.00","20,113.00","","-1.66%"
"08/30/2023","20,452.25","20,510.00","20,510.00","20,230.00","","-0.31%"
"08/29/2023","20,515.00","20,475.00","20,565.00","20,390.00","","-0.61%"
"08/25/2023","20,641.00","21,000.00","21,100.00","20,641.00","","-0.10%"
"08/24/2023","20,661.00","20,770.00","20,770.00","20,390.00","","-0.53%"
"08/23/2023","20,772.00","20,772.00","20,772.00","20,772.00","","2.21%"
"08/22/2023","20,323.00","20,210.00","20,323.00","20,210.00","","2.00%"
"08/21/2023","19,924.50","19,810.00","20,065.00","19,810.00","","-0.21%"
"08/18/2023","19,967.00","20,105.00","20,105.00","19,967.00","","-0.69%"
"08/17/2023","20,105.00","19,885.00","20,200.00","19,885.00","","2.40%"
"08/16/2023","19,634.00","19,600.00","19,690.00","19,600.00","","-0.78%"
"08/14/2023","19,789.00","19,789.00","19,789.00","19,789.00","","-0.85%"
"08/11/2023","19,958.00","19,957.00","19,958.00","19,957.00","","-1.10%"
"08/10/2023","20,181.00","20,181.00","20,181.00","20,181.00","","-0.67%"
"08/09/2023","20,318.00","20,318.00","20,318.00","20,318.00","","-1.42%"
"08/08/2023","20,611.00","20,611.00","20,611.00","20,611.00","","-4.11%"
"08/07/2023","21,493.70","21,266.80","21,608.60","21,177.30","","1.24%"
"08/04/2023","21,231.30","21,701.00","21,885.40","20,999.90","","-1.93%"
"08/03/2023","21,648.60","21,413.70","21,648.60","21,340.70","","0.63%"
"08/02/2023","21,513.60","22,142.30","22,172.30","21,388.20","","-3.07%"
"08/01/2023","22,194.80","22,154.80","22,618.00","22,122.30","","-0.36%"
"07/31/2023","22,274.70","22,086.80","22,302.20","21,753.00","","0.22%"
"07/28/2023","22,224.70","21,846.90","22,287.20","21,685.50","","2.68%"
"07/27/2023","21,643.60","21,525.60","21,807.50","21,406.20","","0.81%"
"07/26/2023","21,470.70","22,126.80","22,129.30","21,430.20","","-4.08%"
"07/25/2023","22,384.60","21,421.20","22,498.10","21,421.20","","4.62%"
"07/24/2023","21,395.20","20,945.50","21,400.20","20,631.60","","3.04%"
"07/21/2023","20,763.60","21,331.20","21,349.20","20,667.60","","-2.41%"
"07/20/2023","21,276.30","21,400.20","21,505.10","21,180.30","","1.92%"
"07/19/2023","20,876.50","20,946.50","21,240.80","20,771.60","","-1.12%"
"07/18/2023","21,113.40","21,081.40","21,149.30","20,724.60","","1.13%"
"07/17/2023","20,876.50","21,163.30","21,315.30","20,656.60","","-3.27%"
"07/14/2023","21,582.10","21,173.30","21,699.00","21,173.30","","1.75%"
"07/13/2023","21,211.30","21,362.70","21,417.20","21,025.40","","-1.71%"
"07/12/2023","21,580.10","21,000.40","21,735.00","20,893.00","","4.43%"
"07/11/2023","20,665.60","21,008.40","21,008.40","20,568.70","","-1.19%"
"07/10/2023","20,915.50","20,583.70","21,003.40","20,583.70","","0.70%"
"07/07/2023","20,770.60","20,873.50","20,993.40","20,525.70","","-1.79%"
"07/06/2023","21,148.30","21,210.30","21,381.20","20,883.00","","-0.12%"
"07/05/2023","21,173.30","20,451.70","21,211.30","20,181.90","","3.34%"
"07/04/2023","20,488.70","20,575.70","20,592.70","20,380.80","","-0.50%"
"07/03/2023","20,590.70","20,518.70","20,634.60","20,284.80","","1.22%"
"06/30/2023","20,342.80","20,596.60","20,743.60","20,178.90","","-1.08%"
"06/29/2023","20,564.70","20,050.90","20,641.60","19,922.00","","2.77%"
"06/28/2023","20,011.00","20,583.70","20,671.10","19,887.00","","-3.66%"
"06/27/2023","20,771.60","20,708.60","20,827.50","20,385.80","","2.04%"
"06/26/2023","20,356.80","21,255.30","21,258.30","20,179.90","","-4.62%"
"06/23/2023","21,343.20","21,066.40","21,369.20","20,856.50","","1.07%"
"06/22/2023","21,116.40","21,200.30","21,516.10","21,066.40","","-0.64%"
"06/21/2023","21,252.30","21,941.90","22,147.80","21,125.40","","-3.06%"
"06/20/2023","21,922.90","22,158.80","22,341.20","21,859.00","","-2.41%"
"06/19/2023","22,464.60","22,544.60","22,739.50","22,375.70","","-1.85%"
"06/16/2023","22,887.90","23,167.20","23,351.10","22,714.50","","-0.27%"
"06/15/2023","22,950.40","22,583.60","23,025.30","22,466.60","","1.42%"
"06/14/2023","22,629.50","22,094.80","22,864.40","21,986.90","","2.93%"
"06/13/2023","21,985.90","20,918.50","22,019.90","20,888.00","","5.16%"
"06/12/2023","20,907.50","21,258.80","21,371.20","20,681.60","","-1.20%"
"06/09/2023","21,162.30","21,435.20","21,588.10","21,096.40","","0.59%"
"06/08/2023","21,038.40","21,071.40","21,529.10","20,997.90","","-1.81%"
"06/07/2023","21,426.20","20,975.40","21,543.10","20,871.50","","1.98%"
"06/06/2023","21,010.40","20,943.50","21,158.30","20,803.50","","0.98%"
"06/05/2023","20,806.50","20,820.50","21,080.40","20,704.60","","-0.85%"
"06/02/2023","20,985.40","21,517.10","21,673.10","20,931.50","","-1.79%"
"06/01/2023","21,368.20","20,941.50","21,368.20","20,640.60","","3.90%"
"05/31/2023","20,565.70","20,598.60","20,630.60","20,278.80","","-1.99%"
"05/30/2023","20,983.40","21,160.30","21,467.20","20,923.50","","-0.29%"
"05/26/2023","21,045.40","21,283.30","21,643.10","21,033.40","","-0.12%"
"05/25/2023","21,071.40","21,143.30","21,590.10","20,930.50","","1.63%"
"05/24/2023","20,733.60","21,112.40","21,112.40","20,669.60","","-0.79%"
"05/23/2023","20,898.50","20,908.50","21,213.30","20,881.50","","-1.91%"
"05/22/2023","21,306.30","21,139.40","21,525.10","21,091.40","","-0.69%"
"05/19/2023","21,454.20","21,303.30","21,820.00","21,135.40","","2.76%"
"05/18/2023","20,877.50","21,106.40","21,113.40","20,860.50","","-12.00%"
"03/08/2023","23,724.90","23,886.80","23,936.80","23,692.40","","-1.68%"
"03/07/2023","24,129.70","24,252.60","24,434.50","23,616.00","","-1.24%"
"03/06/2023","24,432.50","24,521.50","24,691.40","24,216.70","","-0.65%"
"03/03/2023","24,593.40","24,131.70","24,898.30","24,131.70","","1.69%"
"03/02/2023","24,184.70","24,696.40","24,836.30","24,092.20","","-3.49%"
"03/01/2023","25,058.20","25,139.10","25,426.00","24,694.40","","0.84%"
"02/28/2023","24,848.30","25,208.10","25,406.00","24,406.60","","-1.89%"
"02/27/2023","25,328.00","24,301.60","25,511.90","24,293.60","","3.96%"
"02/24/2023","24,362.60","25,465.00","25,465.00","24,244.10","","-3.49%"
"02/23/2023","25,244.10","26,299.50","26,299.50","25,228.60","","-4.75%"
"02/22/2023","26,503.40","26,415.40","26,691.80","26,124.60","","-1.23%"
"02/21/2023","26,834.20","26,861.20","27,332.90","26,775.20","","-0.69%"
"02/20/2023","27,021.10","25,989.70","27,106.10","25,829.80","","5.47%"
"02/17/2023","25,620.90","26,205.60","26,205.60","25,542.40","","-3.72%"
"02/16/2023","26,610.30","26,067.60","26,649.30","25,937.70","","2.45%"
"02/15/2023","25,974.70","26,337.50","26,431.40","25,952.20","","-1.81%"
"02/14/2023","26,453.40","26,297.50","27,032.10","26,297.50","","0.07%"
"02/13/2023","26,435.40","26,701.30","27,054.10","26,412.40","","-4.10%"
"02/10/2023","27,564.80","28,692.20","29,006.00","27,341.90","","-4.92%"
"02/09/2023","28,990.00","27,481.90","29,130.00","27,083.10","","5.83%"
"02/08/2023","27,392.90","27,431.90","27,863.20","27,237.00","","-0.13%"
"02/07/2023","27,429.90","27,098.10","27,540.30","26,746.30","","1.31%"
"02/06/2023","27,074.10","28,262.40","28,262.40","26,998.60","","-5.02%"
"02/03/2023","28,505.30","29,929.50","29,963.50","28,437.30","","-4.68%"
"02/02/2023","29,904.50","28,822.10","29,927.50","28,592.20","","3.21%"
"02/01/2023","28,974.00","30,450.20","30,663.10","28,960.50","","-4.25%"
"01/31/2023","30,259.30","29,589.70","30,401.30","29,265.40","","2.00%"
"01/30/2023","29,664.70","29,454.80","29,980.00","29,100.00","","2.60%"
"01/27/2023","28,912.10","29,248.90","29,707.60","28,793.10","","-1.69%"
"01/26/2023","29,408.80","28,677.20","29,412.80","28,677.20","","0.90%"
"01/25/2023","29,146.90","28,573.30","29,426.80","28,549.30","","1.27%"
"01/24/2023","28,782.10","28,306.40","29,281.90","27,888.60","","1.35%"
"01/23/2023","28,399.90","28,381.90","28,545.80","27,770.20","","-0.42%"
"01/20/2023","28,519.30","29,447.80","29,451.80","28,276.90","","-2.28%"
"01/19/2023","29,185.90","28,443.30","29,519.70","28,094.50","","4.03%"
"01/18/2023","28,055.50","26,980.10","28,148.50","26,980.10","","5.77%"
"01/17/2023","26,524.40","27,039.10","27,313.00","26,485.40","","-3.18%"
"01/16/2023","27,396.90","27,005.10","27,439.90","26,312.00","","1.56%"
"01/13/2023","26,977.10","27,666.80","28,214.50","26,707.80","","-2.79%"
"01/12/2023","27,750.70","26,291.50","27,826.70","25,935.70","","7.06%"
"01/11/2023","25,920.70","27,717.70","28,102.50","25,892.70","","-4.92%"
"01/10/2023","27,262.00","27,380.40","28,106.50","27,254.00","","-0.23%"
"01/09/2023","27,323.90","28,351.40","29,318.80","27,309.00","","-5.24%"
"01/06/2023","28,835.10","27,504.80","28,908.10","27,232.00","","3.55%"
"01/05/2023","27,845.70","28,856.10","28,991.50","27,573.80","","-4.60%"
"01/04/2023","29,187.40","30,875.00","30,885.00","29,180.90","","-6.67%"
"01/03/2023","31,274.80","30,287.30","31,884.40","29,918.50","","2.82%"
"12/30/2022","30,418.20","30,341.30","30,909.50","30,145.90","","1.14%"
"12/29/2022","30,074.40","30,271.30","30,433.20","29,535.70","","-0.39%"
"12/28/2022","30,193.40","30,575.20","31,318.70","30,164.40","","1.86%"
"12/23/2022","29,641.70","29,420.80","30,213.40","29,079.00","","1.25%"
"12/22/2022","29,276.40","29,371.80","29,631.70","28,312.40","","-1.46%"
"12/21/2022","29,710.60","28,137.00","29,749.60","27,821.70","","6.21%"
"12/20/2022","27,974.60","27,564.80","29,450.30","27,282.00","","3.15%"
"12/19/2022","27,121.10","28,317.40","28,383.40","27,076.10","","-4.53%"
"12/16/2022","28,409.30","28,398.40","29,618.70","28,093.00","","0.54%"
"12/15/2022","28,256.40","28,529.30","29,113.00","28,223.50","","-0.67%"
"12/14/2022","28,448.30","28,509.30","28,922.60","28,045.50","","0.70%"
"12/13/2022","28,251.40","29,537.20","29,687.10","28,217.50","","-3.46%"
"12/12/2022","29,263.90","28,921.10","29,954.50","28,904.60","","1.89%"
"12/09/2022","28,722.20","30,003.50","30,599.60","28,709.20","","-2.40%"
"12/08/2022","29,429.80","31,152.80","33,566.50","29,398.80","","-4.38%"
"12/07/2022","30,778.00","28,890.10","31,847.50","28,584.30","","6.27%"
"12/06/2022","28,963.00","28,614.20","29,307.90","27,759.20","","1.95%"
"12/05/2022","28,408.40","28,673.20","29,105.00","28,083.50","","0.84%"
"12/02/2022","28,172.50","27,519.80","28,870.10","27,131.10","","2.82%"
"12/01/2022","27,399.90","27,014.10","27,702.70","26,671.80","","2.33%"
"11/30/2022","26,775.20","26,966.10","27,109.10","25,964.20","","-0.13%"
"11/29/2022","26,810.20","26,175.60","27,469.90","25,679.90","","4.91%"
"11/28/2022","25,555.90","25,249.10","25,672.90","24,918.30","","0.05%"
"11/25/2022","25,543.90","25,932.70","26,382.50","25,327.50","","-2.29%"
"11/24/2022","26,142.60","26,163.60","26,630.30","26,078.60","","0.33%"
"11/23/2022","26,056.60","26,053.60","26,366.00","25,628.90","","-0.44%"
"11/22/2022","26,171.60","25,272.10","26,643.80","25,156.10","","4.27%"
"11/21/2022","25,100.70","24,852.30","25,485.00","24,521.50","","-1.87%"
"11/18/2022","25,578.90","25,496.00","26,253.00","23,904.80","","1.03%"
"11/17/2022","25,318.10","27,118.10","27,369.40","24,992.20","","-5.12%"
"11/16/2022","26,683.30","29,001.00","29,498.30","26,507.40","","-10.48%"
"11/15/2022","29,808.60","29,435.80","31,224.30","28,127.00","","2.68%"
"11/14/2022","29,031.00","26,584.40","31,117.40","26,584.40","","6.06%"
"11/11/2022","27,372.90","26,811.20","27,440.90","26,028.70","","4.87%"
"11/10/2022","26,102.60","24,926.30","26,229.50","24,338.60","","5.77%"
"11/09/2022","24,679.40","23,889.80","24,746.40","23,786.90","","3.89%"
"11/08/2022","23,754.90","23,242.20","24,034.80","23,242.20","","1.72%"
"11/07/2022","23,352.10","23,265.20","23,518.00","22,982.30","","-1.60%"
"11/04/2022","23,731.90","23,154.20","24,215.70","22,934.40","","4.37%"
"11/03/2022","22,737.50","23,548.00","23,697.90","22,614.50","","-5.05%"
"11/02/2022","23,945.80","23,581.00","24,249.60","23,229.20","","2.38%"
"11/01/2022","23,390.10","22,376.70","23,728.90","22,375.70","","6.54%"
"10/31/2022","21,953.90","21,721.00","22,103.80","21,665.10","","-0.32%"
"10/28/2022","22,023.90","21,833.00","22,736.50","21,782.00","","-0.87%"
"10/27/2022","22,216.80","22,412.60","22,668.50","22,071.80","","-1.70%"
"10/26/2022","22,600.50","22,251.70","22,690.50","22,213.30","","0.77%"
"10/25/2022","22,427.60","21,895.90","22,469.60","21,835.00","","1.01%"
"10/24/2022","22,202.80","22,372.70","22,527.60","21,767.00","","0.35%"
"10/21/2022","22,125.80","21,663.10","22,125.80","21,454.20","","0.03%"
"10/20/2022","22,119.80","22,122.80","22,349.70","21,703.00","","0.60%"
"10/19/2022","21,988.90","22,093.80","22,285.70","21,729.00","","0.43%"
"10/18/2022","21,893.90","21,674.10","22,104.80","21,449.20","","1.39%"
"10/17/2022","21,593.10","21,932.90","21,932.90","21,472.20","","-0.93%"
"10/14/2022","21,796.00","22,601.50","22,673.50","21,690.00","","-2.34%"
"10/13/2022","22,318.70","22,040.90","22,583.10","21,655.10","","-1.14%"
"10/12/2022","22,575.60","21,882.90","22,594.50","21,634.60","","2.52%"
"10/11/2022","22,019.90","22,334.70","22,483.60","21,793.00","","-1.67%"
"10/10/2022","22,393.70","22,207.80","22,648.00","22,090.80","","0.13%"
"10/07/2022","22,363.70","22,492.60","22,820.40","22,284.70","","-1.20%"
"10/06/2022","22,634.50","22,872.40","23,111.30","22,078.30","","0.21%"
"10/05/2022","22,586.60","22,089.80","22,587.60","21,690.00","","2.98%"
"10/04/2022","21,932.90","21,703.00","22,162.80","21,223.30","","3.16%"
"10/03/2022","21,261.30","21,113.40","21,803.00","20,991.40","","-0.05%"
"09/30/2022","21,271.30","22,486.60","22,753.50","21,019.40","","-5.15%"
"09/29/2022","22,426.60","21,907.90","23,008.30","21,607.10","","1.83%"
"09/28/2022","22,023.90","21,127.40","22,094.30","20,937.50","","1.72%"
"09/27/2022","21,652.10","22,516.60","22,516.60","21,510.10","","-2.08%"
"09/26/2022","22,111.80","23,258.20","23,335.10","22,013.90","","-5.32%"
"09/23/2022","23,354.10","23,883.80","23,993.80","23,175.20","","-3.88%"
"09/22/2022","24,297.60","24,740.40","25,101.20","24,297.60","","-1.95%"
"09/21/2022","24,781.30","25,488.00","25,643.90","24,509.50","","-0.57%"
"09/20/2022","24,922.30","24,655.40","25,139.10","24,486.50","","1.51%"
"09/19/2022","24,550.50","23,642.00","25,036.20","23,535.00","","0.83%"
"09/16/2022","24,347.60","23,275.20","24,472.50","22,969.30","","5.00%"
"09/15/2022","23,187.20","24,368.60","24,402.60","23,020.30","","-4.80%"
"09/14/2022","24,356.60","24,156.70","24,415.50","23,603.00","","1.18%"
"09/13/2022","24,073.70","23,948.80","25,251.10","23,933.80","","-1.30%"
"09/12/2022","24,391.60","22,962.30","24,668.40","22,753.50","","6.22%"
"09/09/2022","22,964.30","22,553.60","23,039.30","22,255.20","","5.27%"
"09/08/2022","21,815.50","21,655.10","21,832.00","21,233.30","","1.12%"
"09/07/2022","21,573.10","21,297.30","21,753.00","21,183.30","","0.33%"
"09/06/2022","21,503.20","21,545.10","21,695.00","21,142.30","","-0.18%"
"09/05/2022","21,542.10","20,931.50","21,693.00","20,741.60","","4.54%"
"09/02/2022","20,605.60","20,341.80","20,723.60","20,018.00","","1.01%"
"09/01/2022","20,398.80","20,810.50","21,080.40","20,236.80","","-4.42%"
"08/31/2022","21,341.20","21,526.10","21,832.50","21,251.30","","-0.25%"
"08/30/2022","21,395.20","20,896.50","21,733.00","20,896.50","","-1.08%"
"08/29/2022","21,628.10","21,628.10","21,628.10","21,628.10","","0.00%"
"08/26/2022","21,628.10","21,745.00","22,143.80","21,307.30","","-1.00%"
"08/25/2022","21,846.00","21,368.20","21,866.00","21,277.80","","2.24%"
"08/24/2022","21,368.20","21,706.00","21,740.00","21,273.80","","-2.03%"
"08/23/2022","21,811.00","21,823.00","22,167.80","21,664.10","","-2.45%"
"08/22/2022","22,359.70","22,287.70","22,387.70","21,876.90","","1.65%"
"08/19/2022","21,996.90","21,736.00","22,358.70","21,636.10","","1.37%"
"08/18/2022","21,700.00","21,697.00","22,357.70","21,673.10","","-0.99%"
"08/17/2022","21,916.90","22,229.80","22,470.60","21,774.00","","-2.65%"
"08/16/2022","22,513.60","22,007.90","22,580.60","21,838.00","","2.36%"
"08/15/2022","21,993.90","22,457.60","22,716.50","21,668.10","","-4.56%"
"08/12/2022","23,044.30","23,731.90","24,037.80","22,972.30","","-2.59%"
"08/11/2022","23,656.00","22,824.40","24,035.80","22,801.40","","5.75%"
"08/10/2022","22,370.70","21,083.40","22,559.10","21,083.40","","4.17%"
"08/09/2022","21,475.20","21,508.10","21,888.90","21,349.70","","-0.50%"
"08/08/2022","21,583.10","22,124.80","22,208.80","21,521.10","","-2.92%"
"08/05/2022","22,232.70","22,866.40","23,526.00","21,973.90","","0.20%"
"08/04/2022","22,187.30","21,994.90","22,619.50","21,942.90","","-1.17%"
"08/03/2022","22,450.60","22,257.70","22,689.50","21,995.90","","0.08%"
"08/02/2022","22,432.60","24,002.80","24,156.70","22,091.80","","-6.43%"
"08/01/2022","23,975.30","24,104.70","25,085.70","23,386.60","","0.53%"
"07/29/2022","23,848.90","21,957.90","23,882.80","21,797.00","","9.38%"
"07/28/2022","21,803.00","21,924.90","22,038.90","21,482.20","","0.55%"
"07/27/2022","21,684.10","21,688.00","21,966.90","21,276.30","","0.33%"
"07/26/2022","21,612.10","22,670.50","22,731.50","21,417.20","","-2.15%"
"07/25/2022","22,087.80","21,529.10","22,606.50","21,499.20","","-0.55%"
"07/22/2022","22,210.80","21,522.10","22,330.70","21,463.20","","3.72%"
"07/21/2022","21,415.20","20,989.40","21,477.20","20,521.70","","1.17%"
"07/20/2022","21,168.30","21,195.30","21,663.10","20,943.50","","2.33%"
"07/19/2022","20,685.60","20,085.90","21,400.20","20,075.90","","0.25%"
"07/18/2022","20,634.60","19,814.10","20,841.50","19,462.80","","6.49%"
"07/15/2022","19,376.30","18,280.90","19,799.10","18,280.90","","1.03%"
"07/14/2022","19,178.40","20,532.70","20,594.70","19,156.90","","-9.27%"
"07/13/2022","21,138.40","21,445.20","21,623.10","20,782.50","","-0.88%"
"07/12/2022","21,325.20","21,525.10","21,720.00","21,300.80","","-2.31%"
"07/11/2022","21,829.00","21,106.40","21,859.00","21,041.40","","0.81%"
"07/08/2022","21,653.10","21,024.40","21,909.90","20,818.50","","0.73%"
"07/07/2022","21,495.20","21,725.00","22,705.50","21,245.30","","-2.08%"
"07/06/2022","21,950.90","22,179.80","22,517.60","21,687.00","","-3.24%"
"07/05/2022","22,685.50","22,399.70","22,913.40","21,902.90","","0.70%"
"07/04/2022","22,527.60","22,257.70","22,944.40","22,188.80","","3.10%"
"07/01/2022","21,851.00","21,944.90","22,781.90","21,166.30","","-3.76%"
"06/30/2022","22,705.50","23,900.80","24,083.70","22,626.00","","-3.94%"
"06/29/2022","23,638.00","22,828.40","24,800.30","22,311.70","","1.69%"
"06/28/2022","23,245.20","23,280.20","23,886.80","22,775.50","","0.99%"
"06/27/2022","23,018.30","22,540.60","23,642.00","22,367.70","","3.44%"
"06/24/2022","22,252.70","22,779.40","23,672.00","21,620.10","","-7.21%"
"06/23/2022","23,981.80","24,278.60","24,462.50","23,956.80","","-2.22%"
"06/22/2022","24,527.50","25,129.20","25,184.10","24,374.60","","-5.40%"
"06/21/2022","25,927.70","25,642.90","26,040.70","25,463.00","","0.53%"
"06/20/2022","25,790.80","25,340.00","26,008.70","25,235.10","","0.47%"
"06/17/2022","25,670.90","25,348.00","25,803.80","25,231.10","","1.28%"
"06/16/2022","25,347.00","25,807.80","26,096.60","25,143.10","","-1.72%"
"06/15/2022","25,789.80","25,238.60","26,417.40","25,226.10","","2.18%"
"06/14/2022","25,238.60","25,856.80","25,952.70","25,116.20","","-2.44%"
"06/13/2022","25,870.70","26,971.10","26,971.10","25,769.80","","-4.78%"
"06/10/2022","27,169.50","27,149.00","27,706.70","26,951.10","","-2.30%"
"06/09/2022","27,808.60","28,557.20","28,562.20","27,759.70","","-3.08%"
"06/08/2022","28,692.10","29,237.80","29,237.80","28,681.10","","-2.42%"
"06/07/2022","29,403.30","29,149.90","29,493.70","28,480.30","","-0.99%"
"06/06/2022","29,696.60","28,649.20","29,895.00","28,550.20","","5.94%"
"06/03/2022","28,032.50","28,032.50","28,032.50","28,032.50","","0.00%"
"06/01/2022","28,032.50","28,246.40","28,610.20","27,467.80","","-0.34%"
"05/31/2022","28,129.50","29,149.90","29,264.80","28,080.00","","-3.83%"
"05/30/2022","29,249.80","29,442.70","30,507.20","28,893.00","","3.52%"
"05/27/2022","28,255.40","27,076.00","28,965.00","27,048.00","","4.68%"
"05/26/2022","26,992.10","26,432.40","27,754.70","26,325.50","","1.34%"
"05/25/2022","26,635.30","26,155.50","26,713.20","25,943.70","","0.83%"
"05/24/2022","26,415.40","26,657.30","26,772.20","26,135.60","","-3.74%"
"05/23/2022","27,441.80","26,404.40","27,771.60","25,968.70","","-13.88%"
"04/29/2022","31,864.40","32,893.90","33,056.80","31,670.10","","-3.35%"
"04/28/2022","32,967.80","33,260.70","33,429.60","32,880.90","","-1.60%"
"04/27/2022","33,502.50","33,165.70","33,815.40","32,967.80","","1.16%"
"04/26/2022","33,119.80","32,690.00","33,256.20","32,473.10","","1.61%"
"04/25/2022","32,594.00","32,324.20","33,141.70","32,223.30","","-1.71%"
"04/22/2022","33,161.70","33,762.40","33,990.80","33,014.80","","17.22%"
"03/22/2022","28,290.90","28,209.40","28,290.90","28,209.40","","-54.16%"
"03/11/2022","61,714.40","61,714.40","61,714.40","61,714.40","","0.00%"
"03/08/2022","61,714.40","49,248.40","61,972.30","47,414.50","","23.98%"
"03/07/2022","49,779.30","29,104.50","50,478.70","29,104.50","","69.91%"
"03/04/2022","29,297.90","27,042.10","30,301.80","27,042.10","","7.46%"
"03/03/2022","27,263.00","25,949.20","27,913.60","25,944.70","","4.73%"
"03/02/2022","26,032.00","25,256.00","26,491.00","25,117.50","","3.23%"
"03/01/2022","25,218.10","24,270.60","25,258.10","24,257.60","","4.67%"
"02/28/2022","24,092.70","24,180.70","24,949.80","23,925.80","","-0.50%"
"02/25/2022","24,212.70","24,463.00","24,655.40","23,861.90","","1.18%"
"02/24/2022","23,930.80","24,455.00","25,672.90","23,882.80","","-2.14%"
"02/23/2022","24,455.00","24,520.00","24,800.30","24,224.70","","-0.27%"
"02/22/2022","24,522.00","24,369.60","25,109.20","24,342.60","","0.83%"
"02/21/2022","24,321.10","24,120.70","24,579.50","23,860.40","","0.63%"
"02/18/2022","24,167.70","23,807.40","24,237.70","23,800.40","","1.07%"
"02/17/2022","23,910.80","23,466.60","24,010.80","23,218.20","","2.16%"
"02/16/2022","23,405.60","23,257.70","23,560.00","23,195.70","","0.62%"
"02/15/2022","23,261.20","23,206.70","23,502.10","22,733.00","","0.49%"
"02/14/2022","23,147.30","23,200.20","23,821.40","22,895.40","","0.66%"
"02/11/2022","22,995.30","23,187.70","23,523.00","22,794.90","","-1.60%"
"02/10/2022","23,368.10","23,261.70","23,763.90","23,180.70","","0.39%"
"02/09/2022","23,277.20","22,672.00","23,315.20","22,661.50","","2.64%"
"02/08/2022","22,678.50","23,379.60","23,403.10","22,406.70","","-3.03%"
"02/07/2022","23,386.10","22,884.40","23,659.00","22,610.50","","1.85%"
"02/04/2022","22,962.40","22,848.40","22,971.40","22,704.00","","0.64%"
"02/03/2022","22,817.40","22,817.40","22,868.40","22,661.50","","0.14%"
"02/02/2022","22,786.50","22,780.00","22,872.40","22,536.60","","0.07%"
"02/01/2022","22,771.50","22,265.70","22,906.40","22,237.80","","2.12%"
"01/31/2022","22,297.70","22,124.80","22,594.60","21,858.00","","0.41%"
"01/28/2022","22,206.80","22,364.20","22,465.60","22,176.80","","-1.03%"
"01/27/2022","22,437.60","22,498.60","22,750.50","22,236.80","","-1.46%"
"01/26/2022","22,769.50","22,363.70","22,869.40","22,266.70","","1.88%"
"01/25/2022","22,348.70","22,503.60","22,593.60","21,945.90","","-0.62%"
"01/24/2022","22,488.60","24,106.70","24,106.70","22,101.80","","-6.72%"
"01/21/2022","24,109.70","23,647.00","24,320.60","23,367.10","","1.11%"
"01/20/2022","23,844.90","23,104.80","24,407.10","23,102.80","","3.01%"
"01/19/2022","23,147.30","22,124.80","23,204.20","22,094.30","","5.05%"
"01/18/2022","22,034.90","22,083.30","22,437.60","21,925.90","","-0.24%"
"01/17/2022","22,087.80","22,167.80","22,260.70","21,702.00","","-0.28%"
"01/14/2022","22,148.80","22,039.90","22,911.40","21,784.00","","-0.02%"
"01/13/2022","22,152.80","21,952.40","22,184.80","21,688.10","","0.93%"
"01/12/2022","21,947.90","21,782.50","22,721.50","21,612.10","","0.69%"
"01/11/2022","21,797.00","20,755.60","21,818.00","20,755.60","","5.02%"
"01/10/2022","20,755.60","20,718.60","20,965.50","20,656.60","","0.20%"
"01/07/2022","20,713.60","20,338.80","20,757.60","20,330.80","","1.71%"
"01/06/2022","20,365.80","20,565.70","20,591.70","20,151.90","","-1.28%"
"01/05/2022","20,630.60","21,043.40","21,058.90","20,446.70","","-1.99%"
"01/04/2022","21,050.40","20,788.60","21,128.40","20,514.70","","5.10%"
"12/24/2021","20,029.00","20,001.50","20,088.90","19,937.00","","-0.12%"
"12/23/2021","20,054.00","19,927.00","20,158.90","19,904.00","","0.68%"
"12/22/2021","19,919.00","19,546.20","19,941.00","19,541.70","","1.58%"
"12/21/2021","19,609.20","19,333.90","19,622.20","19,310.90","","1.55%"
"12/20/2021","19,309.40","19,585.20","19,634.70","19,160.40","","-1.64%"
"12/17/2021","19,632.20","19,576.20","19,837.10","19,561.20","","0.16%"
"12/16/2021","19,601.20","19,176.40","19,660.20","19,149.50","","2.54%"
"12/15/2021","19,116.50","19,500.80","19,526.20","19,001.50","","-1.95%"
"12/14/2021","19,497.30","19,711.60","19,716.10","19,399.30","","-0.95%"
"12/13/2021","19,684.20","19,795.10","19,884.50","19,607.20","","-0.63%"
"12/10/2021","19,809.10","19,852.60","19,932.00","19,701.20","","-0.31%"
"12/09/2021","19,871.10","20,087.90","20,228.90","19,751.10","","-1.74%"
"12/08/2021","20,223.90","20,100.90","20,339.80","20,082.90","","0.43%"
"12/07/2021","20,136.90","19,796.60","20,169.90","19,747.10","","1.69%"
"12/06/2021","19,802.10","20,017.00","20,119.40","19,540.20","","-0.98%"
"12/03/2021","19,999.00","19,853.60","20,419.30","19,834.60","","0.46%"
"12/02/2021","19,908.00","19,835.60","20,161.40","19,806.10","","0.01%"
"12/01/2021","19,906.00","19,916.00","20,227.90","19,881.10","","0.11%"
"11/30/2021","19,884.00","20,165.90","20,295.80","19,833.10","","-1.31%"
"11/29/2021","20,148.90","19,930.00","20,349.80","19,930.00","","0.67%"
"11/26/2021","20,014.00","20,640.60","20,710.60","19,693.10","","-3.36%"
"11/25/2021","20,709.60","20,863.50","21,070.40","20,489.70","","-0.50%"
"11/24/2021","20,814.50","20,383.80","21,214.30","20,316.30","","2.31%"
"11/23/2021","20,343.80","20,280.80","20,655.60","20,230.90","","0.42%"
"11/22/2021","20,257.80","19,955.00","20,351.80","19,878.10","","0.98%"
"11/19/2021","20,062.00","19,615.70","20,064.90","19,598.20","","2.30%"
"11/18/2021","19,610.20","19,359.30","19,812.10","19,128.50","","1.58%"
"11/17/2021","19,304.40","19,391.80","19,487.80","19,210.40","","-0.50%"
"11/16/2021","19,401.30","19,621.70","19,802.10","19,341.30","","-0.81%"
"11/15/2021","19,559.20","19,898.00","19,992.50","19,527.20","","-1.81%"
"11/12/2021","19,920.00","19,773.60","19,997.00","19,633.20","","0.87%"
"11/11/2021","19,748.10","19,552.70","19,817.10","19,502.80","","0.89%"
"11/10/2021","19,573.20","19,414.80","19,793.10","19,304.90","","0.87%"
"11/09/2021","19,405.30","19,622.70","19,722.10","19,317.40","","-0.88%"
"11/08/2021","19,577.20","19,382.30","19,637.20","19,177.40","","1.06%"
"11/05/2021","19,372.30","19,133.50","19,540.20","19,048.00","","0.94%"
"11/04/2021","19,192.40","19,340.30","19,458.30","18,944.60","","0.44%"
"11/03/2021","19,107.50","19,522.20","19,848.60","19,081.50","","-2.19%"
"11/02/2021","19,536.20","19,640.20","19,765.60","19,192.40","","-0.39%"
"11/01/2021","19,613.20","19,578.20","19,725.10","19,252.40","","0.24%"
"10/29/2021","19,567.20","19,578.70","19,649.20","19,133.50","","0.03%"
"10/28/2021","19,561.20","19,544.20","19,788.10","19,263.90","","0.64%"
"10/27/2021","19,436.30","20,185.90","20,367.80","19,328.40","","-3.48%"
"10/26/2021","20,137.90","20,326.80","20,441.70","20,021.00","","-0.70%"
"10/25/2021","20,280.80","19,744.10","20,434.70","19,744.10","","2.78%"
"10/22/2021","19,732.10","19,861.10","20,209.90","19,593.20","","-0.92%"
"10/21/2021","19,916.00","21,028.90","21,404.70","19,767.10","","-5.48%"
"10/20/2021","21,071.40","20,117.40","21,204.30","19,666.70","","5.27%"
"10/19/2021","20,016.00","19,892.50","20,563.70","19,892.50","","-0.06%"
"10/18/2021","20,028.00","19,873.00","20,236.40","19,856.10","","0.51%"
"10/15/2021","19,926.30","19,341.30","20,118.80","19,223.00","","3.01%"
"10/14/2021","19,344.50","18,961.60","19,436.70","18,890.80","","2.09%"
"10/13/2021","18,948.10","18,992.50","19,243.60","18,825.80","","0.04%"
"10/12/2021","18,940.60","19,155.00","19,359.20","18,928.10","","-1.02%"
"10/11/2021","19,135.50","19,332.40","19,403.30","19,097.50","","-0.31%"
"10/08/2021","19,195.70","18,383.20","19,295.90","18,363.20","","4.59%"
"10/07/2021","18,352.60","18,125.50","18,357.60","18,017.60","","1.39%"
"10/06/2021","18,100.30","18,107.50","18,175.90","17,964.70","","-0.22%"
"10/05/2021","18,140.60","17,954.10","18,180.70","17,789.70","","0.48%"
"10/04/2021","18,054.40","18,119.60","18,199.80","17,843.80","","-0.20%"
"10/01/2021","18,091.30","18,000.00","18,176.50","17,765.10","","0.40%"
"09/30/2021","18,020.00","18,360.30","18,706.50","17,789.10","","-1.75%"
"09/29/2021","18,340.10","18,565.10","18,703.90","18,144.30","","-1.18%"
"09/28/2021","18,560.00","18,945.80","18,960.80","18,519.80","","-2.16%"
"09/27/2021","18,970.70","19,271.40","19,467.10","18,905.50","","-1.76%"
"09/24/2021","19,309.80","19,500.10","19,535.10","19,103.80","","-1.10%"
"09/23/2021","19,525.10","19,132.20","19,640.70","19,117.10","","1.49%"
"09/22/2021","19,237.80","18,965.50","19,428.80","18,855.10","","1.57%"
"09/21/2021","18,940.30","19,065.30","19,221.80","18,492.80","","-0.50%"
"09/20/2021","19,035.10","19,345.90","19,371.80","18,884.00","","-2.46%"
"09/17/2021","19,515.50","19,534.80","20,421.20","19,329.20","","0.00%"
"09/16/2021","19,514.70","20,052.50","20,148.20","19,318.30","","-2.78%"
"09/15/2021","20,072.70","19,769.80","20,299.20","19,669.90","","1.74%"
"09/14/2021","19,729.60","19,774.80","19,996.40","19,608.70","","0.03%"
"09/13/2021","19,723.90","20,353.30","20,443.20","19,648.90","","-3.18%"
"09/10/2021","20,372.70","20,077.70","20,662.60","20,077.70","","1.07%"
"09/09/2021","20,157.60","19,687.70","20,252.60","19,632.70","","2.49%"
"09/08/2021","19,667.70","19,492.60","19,822.60","19,487.60","","0.72%"
"09/07/2021","19,527.60","19,557.30","19,732.20","19,397.60","","-0.58%"
"09/06/2021","19,642.30","19,816.90","19,926.80","19,512.30","","-1.20%"
"09/03/2021","19,881.40","19,441.40","19,951.30","19,296.80","","2.21%"
"09/02/2021","19,451.40","19,336.30","19,571.40","19,171.60","","0.54%"
"09/01/2021","19,346.30","19,545.90","19,616.10","19,263.80","","-1.20%"
"08/31/2021","19,580.90","19,660.80","19,683.30","19,436.00","","3.11%"
"08/27/2021","18,990.40","18,755.30","19,025.40","18,615.50","","1.12%"
"08/26/2021","18,780.30","19,184.80","19,229.80","18,715.40","","-1.83%"
"08/25/2021","19,129.80","18,964.70","19,254.70","18,949.70","","0.63%"
"08/24/2021","19,009.70","18,834.60","19,219.50","18,769.70","","0.88%"
"08/23/2021","18,844.60","18,429.70","19,004.50","18,429.70","","2.48%"
"08/20/2021","18,389.30","18,454.00","18,649.10","18,379.30","","0.14%"
"08/19/2021","18,364.10","18,863.50","18,908.60","17,684.40","","-2.80%"
"08/18/2021","18,893.40","19,302.80","19,333.00","18,808.50","","-1.51%"
"08/17/2021","19,182.90","19,522.40","19,662.50","19,058.10","","-1.69%"
"08/16/2021","19,512.40","19,592.10","19,657.10","19,422.50","","-0.68%"
"08/13/2021","19,646.60","19,581.40","19,716.30","19,501.70","","0.15%"
"08/12/2021","19,616.40","19,321.40","19,721.30","19,296.50","","1.24%"
"08/11/2021","19,376.40","18,861.60","19,426.30","18,637.10","","2.78%"
"08/10/2021","18,851.70","18,576.70","18,941.60","18,551.70","","1.64%"
"08/09/2021","18,546.70","19,125.90","19,125.90","18,501.80","","-3.25%"
"08/06/2021","19,170.40","19,325.00","19,540.00","19,135.50","","-0.95%"
"08/05/2021","19,355.00","19,214.90","19,529.80","19,110.00","","0.73%"
"08/04/2021","19,214.90","19,354.50","19,444.70","19,184.90","","-0.57%"
"08/03/2021","19,324.60","19,429.20","19,474.20","19,104.80","","-0.51%"
"08/02/2021","19,424.20","19,483.90","19,733.90","19,289.40","","-0.58%"
"07/30/2021","19,538.40","19,643.00","19,928.00","19,383.60","","-1.61%"
"07/29/2021","19,857.80","19,682.80","19,877.80","19,523.20","","1.90%"
"07/28/2021","19,488.00","19,362.90","19,752.70","19,327.90","","1.04%"
"07/27/2021","19,288.00","19,722.20","19,762.20","19,188.10","","-1.98%"
"07/26/2021","19,677.30","19,437.30","19,752.20","19,362.70","","1.21%"
"07/23/2021","19,441.90","18,837.40","19,471.80","18,837.40","","3.21%"
"07/22/2021","18,837.40","18,627.40","18,887.30","18,487.80","","1.51%"
"07/21/2021","18,557.50","18,607.20","18,622.20","18,247.80","","-0.29%"
"07/20/2021","18,612.20","18,432.20","18,662.10","18,362.30","","1.42%"
"07/19/2021","18,352.30","18,986.30","19,126.30","18,322.30","","-3.62%"
"07/16/2021","19,040.70","18,725.90","19,175.60","18,656.00","","1.84%"
"07/15/2021","18,696.00","18,515.90","18,775.90","18,396.10","","0.92%"
"07/14/2021","18,525.90","18,640.60","18,785.60","18,486.00","","-0.85%"
"07/13/2021","18,685.50","18,630.40","18,825.30","18,440.80","","0.32%"
"07/12/2021","18,625.40","18,695.10","18,804.90","18,430.60","","-0.45%"
"07/09/2021","18,709.60","18,324.90","18,744.50","17,675.30","","2.07%"
"07/08/2021","18,329.90","18,259.80","18,389.80","18,125.20","","0.38%"
"07/07/2021","18,259.80","17,675.10","18,424.50","17,675.10","","1.56%"
"07/06/2021","17,979.90","18,394.10","18,586.60","17,895.00","","-2.25%"
"07/05/2021","18,394.10","18,229.10","18,479.00","18,214.20","","0.63%"
"07/02/2021","18,278.60","18,063.70","18,408.50","17,889.20","","1.19%"
"07/01/2021","18,063.70","18,208.30","18,278.40","17,973.90","","-0.69%"
"06/30/2021","18,188.30","18,347.90","18,537.80","18,148.40","","-0.92%"
"06/29/2021","18,357.90","18,187.80","18,377.80","18,068.20","","0.69%"
"06/28/2021","18,232.70","18,502.10","18,572.10","18,172.80","","-1.64%"
"06/25/2021","18,536.40","18,406.20","18,581.40","18,396.60","","0.63%"
"06/24/2021","18,421.20","18,001.30","18,476.20","17,866.80","","2.16%"
"06/23/2021","18,031.30","17,661.30","18,046.30","17,661.30","","1.78%"
"06/22/2021","17,716.30","17,411.30","17,781.20","17,361.30","","1.63%"
"06/21/2021","17,431.30","17,136.30","17,506.20","17,116.30","","1.81%"
"06/18/2021","17,120.70","17,095.40","17,390.40","17,060.80","","-0.11%"
"06/17/2021","17,140.40","17,110.10","17,460.00","17,030.50","","-2.05%"
"06/16/2021","17,499.60","17,564.60","17,659.50","17,369.80","","-0.20%"
"06/15/2021","17,534.30","18,343.00","18,387.90","17,474.40","","-4.77%"
"06/14/2021","18,412.90","18,222.80","18,445.40","18,178.20","","0.83%"
"06/11/2021","18,262.10","18,181.90","18,377.00","18,127.30","","0.66%"
"06/10/2021","18,141.90","17,931.80","18,271.80","17,747.40","","0.32%"
"06/09/2021","18,084.20","17,901.60","18,146.60","17,901.60","","0.82%"
"06/08/2021","17,936.50","17,896.20","18,011.40","17,696.90","","0.25%"
"06/07/2021","17,891.30","17,910.90","17,991.20","17,606.70","","-0.27%"
"06/04/2021","17,940.20","17,880.00","18,135.00","17,745.20","","0.39%"
"06/03/2021","17,870.00","18,184.20","18,424.20","17,705.20","","-1.48%"
"06/02/2021","18,139.30","18,059.10","18,319.10","18,009.10","","0.47%"
"06/01/2021","18,054.10","18,153.60","18,358.70","17,944.30","","-0.43%"
"05/28/2021","18,132.70","17,972.60","18,182.60","17,723.30","","0.89%"
"05/27/2021","17,972.60","17,113.90","18,157.30","17,088.90","","4.26%"
"05/26/2021","17,238.40","17,063.40","17,313.30","16,988.80","","1.23%"
"05/25/2021","17,028.40","17,108.00","17,167.90","16,943.60","","-0.32%"
"05/24/2021","17,083.00","16,648.30","17,177.90","16,568.50","","2.46%"
"05/21/2021","16,672.80","17,041.90","17,141.70","16,602.90","","-2.19%"
"05/20/2021","17,046.90","17,231.20","17,426.20","17,011.90","","-1.41%"
"05/19/2021","17,291.10","17,924.80","18,034.90","17,236.20","","-3.75%"
"05/18/2021","17,964.70","18,139.40","18,144.40","17,889.80","","2.14%"
"05/14/2021","17,588.30","17,258.00","17,648.20","17,003.70","","1.80%"
"05/13/2021","17,278.00","17,662.20","17,707.20","17,103.10","","-2.37%"
"05/12/2021","17,697.20","17,896.50","18,136.90","17,622.30","","-1.28%"
"05/11/2021","17,926.50","17,626.20","18,001.50","17,561.30","","1.56%"
"05/10/2021","17,651.20","18,105.30","18,197.80","17,566.30","","-1.93%"
"05/07/2021","17,999.40","17,879.00","18,059.40","17,709.10","","0.87%"
"05/06/2021","17,844.00","17,743.60","17,978.90","17,379.40","","0.14%"
"05/05/2021","17,818.50","17,633.20","17,983.40","17,633.20","","1.28%"
"05/04/2021","17,593.20","17,597.70","17,942.90","17,493.30","","0.41%"
"04/30/2021","17,521.30","17,231.10","17,646.20","17,171.70","","1.74%"
"04/29/2021","17,221.10","17,395.40","17,538.30","17,121.20","","-0.57%"
"04/28/2021","17,320.50","16,870.50","17,390.50","16,790.60","","2.39%"
"04/27/2021","16,915.50","16,635.30","16,945.50","16,590.40","","1.87%"
"04/26/2021","16,605.40","16,300.20","16,640.30","16,255.30","","1.82%"
"04/23/2021","16,309.30","15,924.30","16,349.30","15,869.40","","2.42%"
"04/22/2021","15,924.30","16,138.60","16,168.60","15,899.40","","-1.48%"
"04/21/2021","16,163.60","15,893.40","16,213.50","15,893.40","","1.54%"
"04/20/2021","15,918.40","16,047.70","16,260.50","15,888.50","","-0.87%"
"04/19/2021","16,057.80","16,137.20","16,172.60","15,952.50","","-0.21%"
"04/16/2021","16,091.40","16,275.60","16,420.90","16,046.40","","-1.04%"
"04/15/2021","16,260.60","16,275.10","16,350.50","16,001.00","","-0.27%"
"04/14/2021","16,305.10","16,035.10","16,335.10","15,980.60","","1.84%"
"04/13/2021","16,010.10","16,084.50","16,224.80","15,990.10","","-0.56%"
"04/12/2021","16,099.50","16,608.20","16,608.20","16,069.60","","-2.85%"
"04/09/2021","16,572.30","16,726.60","16,796.50","16,487.50","","-1.07%"
"04/08/2021","16,751.60","16,531.40","16,811.50","16,402.10","","1.18%"
"04/07/2021","16,556.40","16,600.80","16,716.10","16,516.50","","-0.63%"
"04/06/2021","16,660.70","16,400.70","16,730.60","16,261.00","","3.13%"
"04/01/2021","16,154.30","16,039.00","16,184.30","15,879.80","","0.56%"
"03/31/2021","16,064.00","15,854.00","16,118.90","15,809.10","","1.45%"
"03/30/2021","15,834.00","16,108.00","16,338.00","15,784.10","","-1.88%"
"03/29/2021","16,138.00","16,312.10","16,392.50","16,053.10","","-1.15%"
"03/26/2021","16,326.20","16,121.10","16,386.10","16,091.20","","1.33%"
"03/25/2021","16,111.20","16,100.70","16,166.10","15,881.60","","0.03%"
"03/24/2021","16,105.70","16,045.40","16,190.50","15,985.50","","0.69%"
"03/23/2021","15,995.50","16,364.20","16,624.10","15,965.60","","-2.40%"
"03/22/2021","16,389.20","16,099.30","16,489.00","16,089.30","","1.15%"
"03/19/2021","16,203.20","15,928.30","16,278.00","15,743.80","","1.53%"
"03/18/2021","15,958.30","16,107.40","16,272.10","15,958.30","","-1.05%"
"03/17/2021","16,127.40","16,072.10","16,157.40","15,873.00","","0.38%"
"03/16/2021","16,067.10","16,116.50","16,266.60","15,967.30","","-0.43%"
"03/15/2021","16,136.50","15,991.40","16,321.00","15,787.30","","1.23%"
"03/12/2021","15,940.60","16,228.70","16,258.60","15,840.80","","-1.90%"
"03/11/2021","16,248.70","16,018.30","16,468.50","15,978.40","","1.22%"
"03/10/2021","16,053.30","16,057.80","16,283.20","15,853.50","","-0.18%"
"03/09/2021","16,082.80","16,292.20","16,337.60","15,593.20","","-1.35%"
"03/08/2021","16,302.20","16,461.60","16,566.50","16,002.40","","-0.02%"
"03/05/2021","16,305.80","16,050.50","16,620.50","15,980.60","","3.13%"
"03/04/2021","15,810.70","17,154.00","17,418.80","15,430.70","","-8.10%"
"03/03/2021","17,204.00","18,592.10","18,672.10","17,119.00","","-7.76%"
"03/02/2021","18,652.10","18,586.60","18,662.10","18,217.50","","0.33%"
"03/01/2021","18,591.60","18,611.00","18,825.80","18,441.70","","0.55%"
"02/26/2021","18,490.10","18,804.20","19,067.00","18,450.10","","-1.83%"
"02/25/2021","18,834.20","19,832.50","19,897.40","18,674.30","","-4.87%"
"02/24/2021","19,797.50","19,307.50","19,817.50","19,073.30","","2.41%"
"02/23/2021","19,332.50","19,446.80","19,836.90","18,937.90","","-0.56%"
"02/22/2021","19,441.80","19,675.90","20,056.10","19,257.00","","-0.78%"
"02/19/2021","19,594.90","19,129.90","19,754.70","18,880.10","","2.36%"
"02/18/2021","19,142.40","18,704.90","19,147.40","18,665.50","","2.28%"
"02/17/2021","18,714.90","18,739.40","18,769.90","18,615.10","","-0.26%"
"02/16/2021","18,764.30","18,519.10","18,794.30","18,449.70","","1.21%"
"02/15/2021","18,539.10","18,553.50","18,713.80","18,514.00","","-0.02%"
"02/12/2021","18,542.50","18,466.90","18,562.40","18,193.00","","0.03%"
"02/11/2021","18,536.90","18,591.30","18,656.70","18,501.90","","-0.59%"
"02/10/2021","18,646.20","18,276.20","18,656.20","18,181.40","","1.83%"
"02/09/2021","18,311.20","18,130.90","18,356.10","18,051.10","","1.04%"
"02/08/2021","18,123.50","18,025.60","18,133.40","17,981.20","","0.47%"
"02/05/2021","18,039.50","17,569.80","18,059.50","17,569.80","","2.76%"
"02/04/2021","17,554.80","17,579.30","17,659.60","17,415.00","","0.03%"
"02/03/2021","17,549.30","17,673.60","17,763.40","17,459.50","","-0.65%"
"02/02/2021","17,663.60","17,812.80","17,878.20","17,593.70","","-0.92%"
"02/01/2021","17,827.80","17,642.60","17,917.60","17,632.60","","1.20%"
"01/29/2021","17,616.60","17,715.90","17,951.00","17,461.90","","-0.84%"
"01/28/2021","17,765.80","17,725.40","17,915.50","17,506.30","","0.06%"
"01/27/2021","17,755.30","18,039.20","18,124.60","17,625.60","","-1.53%"
"01/26/2021","18,031.80","18,203.40","18,293.20","17,974.40","","-1.11%"
"01/25/2021","18,233.30","18,172.90","18,432.90","18,053.70","","0.50%"
"01/22/2021","18,141.90","18,266.00","18,346.00","17,802.60","","-0.95%"
"01/21/2021","18,316.00","18,140.80","18,450.70","18,135.80","","1.02%"
"01/20/2021","18,130.90","18,145.30","18,203.20","17,961.20","","0.03%"
"01/19/2021","18,125.40","18,104.90","18,354.90","17,890.90","","0.50%"
"01/18/2021","18,035.00","18,050.10","18,120.00","17,995.10","","0.39%"
"01/15/2021","17,965.10","18,264.90","18,389.80","17,730.20","","-1.83%"
"01/14/2021","18,299.90","17,610.30","18,309.90","17,540.30","","3.92%"
"01/13/2021","17,610.30","17,710.20","17,800.20","17,430.40","","0.06%"
"01/12/2021","17,600.30","17,100.60","17,660.30","17,090.60","","2.71%"
"01/11/2021","17,135.60","17,440.40","17,570.30","16,970.70","","-1.83%"
"01/08/2021","17,455.40","18,020.10","18,095.00","17,400.40","","-3.16%"
"01/07/2021","18,025.10","17,725.20","18,137.50","17,692.80","","1.81%"
"01/06/2021","17,705.20","17,700.30","17,877.70","17,452.90","","0.18%"
"01/05/2021","17,672.80","17,320.50","17,695.30","17,270.50","","2.12%"
"01/04/2021","17,305.50","16,623.30","17,455.40","16,623.30","","4.72%"