Date;Price;Open;High;Low;Vol.;Change %;;Kolumna B: symbol → wpisz HG=F we wszystkich wierszach (przeciągnij w dół)
01/30/2026;78.531;115.885;118.45;74;1.54K;-31.37%;;Kolumna C: name → wpisz Miedź
01/29/2026;114.429;116.625;121.785;106.61;193.65K;1.12%;;Kolumna D: currency → wpisz USD
01/28/2026;113.162;112.095;117.03;110.495;1.44K;7.17%;;Kolumna E: source → wpisz investing_com
01/27/2026;105.592;104.76;112.75;102.595;1.72K;-8.30%;;
01/26/2026;115.148;104.97;117.265;101.51;1.95K;13.63%;;
01/23/2026;101.333;96.32;103.53;96.22;139.09K;5.15%;;
01/22/2026;96.372;92.79;96.735;90.68;108.42K;4.03%;;
01/21/2026;92.637;94.55;95.53;90.15;128.65K;-2.11%;;
01/20/2026;94.636;90.605;95.78;90.5;199.93K;0.87%;;
01/19/2026;93.82;93.635;94.74;92.283;79.94K;-7.41%;;
01/18/2026;101.333;90.605;103.53;90.15;436.99K;14.45%;;
01.11.2026;88.537;80.505;93.7;79.9;897.43K;11.72%;;
01.06.2026;79.25;81.285;82.585;78.1;57.33K;-2.21%;;
01.05.2026;81.039;76.53;81.485;75.7;136.39K;5.72%;;
01.04.2026;76.657;73.08;77.835;72.505;131.25K;7.94%;;
01.01.2026;71.015;71.5;74.21;70.515;99.77K;0.58%;;
12/30/2025;70.603;76.065;76.275;69.255;148.60K;-9.39%;;
12/29/2025;77.919;71.685;78.065;70.67;168.12K;10.59%;;
12/28/2025;70.46;80;82.67;70.215;248.84K;-8.73%;;
12/25/2025;77.196;72.725;79.7;72.72;171.24K;7.69%;;
12/23/2025;71.685;71.68;72.75;70.16;94.82K;0.77%;;
12/22/2025;71.137;69.08;71.795;68.725;128.80K;3.75%;;
12/21/2025;68.565;67.55;69.525;67.47;98.56K;1.59%;;
12/18/2025;67.489;65.415;67.68;64.465;96.49K;3.48%;;
12/17/2025;65.219;66.51;66.825;64.675;111.67K;-2.51%;;
12/16/2025;66.901;63.795;67.18;63.725;147.11K;5.65%;;
12/15/2025;63.323;64.11;64.205;62.115;95.99K;2.12%;;
12.11.2025;62.007;63.985;65.085;61.015;189.23K;-4.00%;;
12.10.2025;64.592;62.235;64.72;61.78;134.40K;5.84%;;
12.09.2025;61.029;61.11;62.39;60.55;119.07K;0.31%;;
12.08.2025;60.84;58.515;61.295;57.99;118.78K;4.17%;;
12.07.2025;58.405;58.765;59.07;57.77;61.21K;-1.10%;;
12.04.2025;59.053;57.56;59.9;57.32;104.52K;2.72%;;
12.03.2025;57.491;58.98;59.235;56.85;99.36K;-1.93%;;
12.02.2025;58.62;59.16;59.655;58.21;103.40K;-0.14%;;
12.01.2025;58.703;58.45;59.32;57.225;108.76K;-0.74%;;
11/30/2025;59.142;57;59.435;56.85;141.45K;3.46%;;
11/26/2025;57.163;53.755;57.245;53.22;97.73K;6.63%;;
11/25/2025;53.607;51.75;53.79;51.545;86.09K;5.18%;;
11/24/2025;50.965;51.16;51.51;50.32;49.59K;1.27%;;
11/23/2025;50.326;49.855;51.215;49.37;57.17K;0.83%;;
11/20/2025;49.913;50.395;50.555;48.05;106.79K;-0.77%;;
11/19/2025;50.301;51.06;51.57;49.925;96.74K;-1.09%;;
11/18/2025;50.854;50.55;52.245;50.145;99.44K;0.66%;;
11/17/2025;50.521;50.06;51.035;49.115;76.56K;-0.37%;;
11/16/2025;50.711;50.405;51.11;49.345;73.31K;0.05%;;
11/13/2025;50.686;52.2;53.375;49.86;130.25K;-4.67%;;
11.12.2025;53.17;53.275;54.415;51.985;126.58K;-0.54%;;
11.11.2025;53.457;51.075;53.625;50.76;105.12K;5.35%;;
11.10.2025;50.744;50.445;51.13;50.15;72.74K;0.86%;;
11.09.2025;50.311;48.295;50.48;48.235;81.07K;4.50%;;
11.06.2025;48.143;47.86;48.73;47.78;64.22K;0.40%;;
11.05.2025;47.95;47.85;48.615;47.41;52.20K;-0.15%;;
11.04.2025;48.022;46.9;48.115;46.52;48.01K;1.55%;;
11.03.2025;47.291;47.885;47.965;46.65;61.29K;-1.80%;;
10/30/2025;48.16;48.73;48.995;47.975;58.10K;-0.94%;;
10/29/2025;48.616;47.29;48.835;47.095;63.30K;1.47%;;
10/28/2025;47.913;47.135;48.51;46.92;75.85K;1.24%;;
10/27/2025;47.324;46.85;47.375;45.51;78.34K;-2.60%;;
10/23/2025;48.586;48.66;48.765;47.385;72.55K;-0.24%;;
10/22/2025;48.704;48.145;49.225;47.64;67.56K;2.15%;;
10/21/2025;47.681;48.13;48.65;46.82;113.83K;-0.05%;;
10/20/2025;47.704;51.37;51.615;47.12;158.67K;-4.79%;;
10/16/2025;50.104;53.425;53.765;49.66;182.73K;-5.99%;;
10/15/2025;53.296;52.59;53.615;51.195;145.09K;3.73%;;
10/14/2025;51.378;50.37;52.635;50.31;123.35K;1.49%;;
10/13/2025;50.622;50.755;52.495;48.75;181.88K;7.14%;;
10.09.2025;47.247;47.65;48.62;46.7;143.90K;0.19%;;
10.08.2025;47.157;48.45;49.965;46.89;190.55K;-3.75%;;
10.07.2025;48.994;47.665;49.195;47.53;99.32K;3.11%;;
10.06.2025;47.515;48.405;48.55;47.015;103.50K;0.76%;;
10.05.2025;47.157;48.06;49.965;46.7;537.27K;1.70%;;
10.02.2025;46.369;47.41;48.325;46.55;94.93K;-2.75%;;
10.01.2025;47.679;46.835;48.01;45.71;116.81K;2.23%;;
09/30/2025;46.64;47.135;47.975;46.815;96.86K;-0.80%;;
09/29/2025;47.016;46.42;47.39;45.96;101.72K;4.64%;;
09/25/2025;44.933;43.94;46.945;44.89;103.42K;2.07%;;
09/24/2025;44.02;44.15;45.5;44.06;100.81K;-0.94%;;
09/23/2025;44.437;44.115;44.625;43.885;61.23K;0.89%;;
09/22/2025;44.044;43.215;44.77;43.97;76.63K;4.57%;;
09/18/2025;42.118;42;43.405;41.93;75.30K;-0.08%;;
09/17/2025;42.152;42.875;42.25;41.495;58.34K;-1.78%;;
09/16/2025;42.917;43.2;42.94;41.48;90.89K;-0.10%;;
09/15/2025;42.962;42.725;43.435;42.615;64.81K;1.93%;;
09.11.2025;42.149;41.635;43.04;41.895;72.26K;1.32%;;
09.10.2025;41.6;41.34;42.33;41.33;60.28K;0.63%;;
09.09.2025;41.341;41.935;41.785;41.145;41.20K;-1.34%;;
09.08.2025;41.902;41.465;42.07;41.205;67.61K;1.17%;;
09.04.2025;41.417;41.81;42.1;41.16;69.58K;-1.53%;;
09.03.2025;42.06;41.725;41.83;41.065;67.31K;1.13%;;
09.02.2025;41.592;40.79;42.29;41.465;64.66K;2.29%;;
08/31/2025;40.662;40.757;41.995;40.555;126.51K;2.42%;;
08/28/2025;39.703;39.16;40.86;39.34;70.04K;1.66%;;
08/27/2025;39.056;39.035;39.86;39.155;56.61K;0.26%;;
08/26/2025;38.955;39.045;38.755;38.17;38.38K;-0.25%;;
08/25/2025;39.051;39.215;38.86;38.33;59.35K;2.55%;;
08/21/2025;38.079;37.89;39.09;37.675;72.11K;0.81%;;
08/20/2025;37.773;37.335;38.19;37.52;46.54K;1.18%;;
08/19/2025;37.332;38.075;37.915;36.96;53.94K;-1.83%;;
08/18/2025;38.029;38.04;38.2;37.24;50.87K;-0.11%;;
08/14/2025;38.069;38.58;38.12;37.725;34.91K;-1.38%;;
08/13/2025;38.602;37.935;38.78;37.86;54.76K;1.58%;;
08.12.2025;38.002;37.63;38.71;37.875;55.85K;0.57%;;
08.11.2025;37.787;38.54;38.09;37.515;67.39K;-1.32%;;
08.07.2025;38.294;37.935;38.875;38.18;79.67K;1.03%;;
08.06.2025;37.902;37.825;38.76;37.935;90.13K;0.21%;;
08.05.2025;37.823;37.445;38.02;37.62;41.79K;1.33%;;
08.04.2025;37.328;37.09;37.94;37.325;51.39K;1.68%;;
07/31/2025;36.712;37.16;37.24;36.4;66.42K;-2.72%;;
07/30/2025;37.739;38.4;37.285;36.28;68.24K;-0.95%;;
07/29/2025;38.101;38.145;38.42;36.805;72.76K;0.15%;;
07/28/2025;38.043;38.135;38.49;38.035;42.86K;-3.01%;;
07/24/2025;39.224;39.53;39.52;38.1;68.80K;-0.71%;;
07/23/2025;39.503;39.645;39.66;38.93;50.60K;-0.13%;;
07/22/2025;39.555;39.25;39.91;39.335;64.35K;0.56%;;
07/21/2025;39.334;38.42;39.72;39.025;58.28K;2.69%;;
07/17/2025;38.303;38.145;38.825;38.375;42.30K;0.48%;;
07/16/2025;38.119;37.985;38.46;37.685;44.73K;0.02%;;
07/15/2025;38.11;38.4;38.38;37.75;56.45K;-1.63%;;
07/14/2025;38.742;39.13;38.74;37.895;56.77K;3.85%;;
07.10.2025;37.305;36.6;39.225;37.51;101.61K;1.84%;;
07.09.2025;36.63;36.935;37.69;36.575;83.25K;-0.32%;;
07.08.2025;36.749;36.955;36.95;36.49;46.79K;-0.42%;;
07.07.2025;36.904;37.15;37.095;36.445;55.06K;-0.49%;;
07.03.2025;37.084;36.79;37.435;36.325;68.85K;0.97%;;
07.02.2025;36.727;36.245;37.315;36.57;55.65K;0.91%;;
07.01.2025;36.397;36.325;36.815;36.055;41.29K;0.62%;;
06/30/2025;36.172;36.15;36.875;36.055;54.05K;-1.59%;;
06/26/2025;36.757;36.395;36.975;35.95;67.93K;1.86%;;
06/25/2025;36.085;36.085;36.77;36.14;43.12K;1.08%;;
06/24/2025;35.701;35.83;36.275;35.63;48.36K;-1.25%;;
06/23/2025;36.153;36.16;36.165;35.195;76.74K;-2.06%;;
06/18/2025;36.913;37.205;36.82;35.515;95.42K;-0.64%;;
06/17/2025;37.151;36.37;37.405;36.54;60.67K;1.93%;;
06/16/2025;36.448;36.45;37.33;36.17;80.27K;0.42%;;
06.12.2025;36.295;36.36;36.77;36.04;58.85K;0.09%;;
06.11.2025;36.261;36.675;36.585;35.58;75.67K;-1.04%;;
06.10.2025;36.642;36.895;36.79;36.15;77.36K;-0.42%;;
06.09.2025;36.796;36.165;36.975;36.425;66.39K;2.77%;;
06.05.2025;35.805;34.65;36.51;35.755;85.16K;3.34%;;
06.04.2025;34.648;34.68;36.27;34.6;113.63K;0.04%;;
06.03.2025;34.633;34.92;34.825;34.355;50.00K;-0.18%;;
06.02.2025;34.694;33.13;34.935;34.165;75.48K;3.80%;;
05/29/2025;33.423;33.11;33.47;32.865;41.47K;0.79%;;
05/28/2025;33.16;33.38;33.655;32.8;50.05K;-0.45%;;
05/27/2025;33.311;33.61;33.58;33.035;41.20K;-0.85%;;
05/25/2025;33.595;33.618;33.745;32.88;60.14K;1.13%;;
05/22/2025;33.219;33.585;33.695;33.02;46.29K;-1.27%;;
05/21/2025;33.646;33.275;33.915;32.74;66.34K;1.42%;;
05/20/2025;33.174;32.5;33.78;33.125;59.59K;2.05%;;
05/19/2025;32.507;32.55;33.305;32.235;50.29K;-0.53%;;
05/15/2025;32.68;32.395;32.865;31.98;40.94K;0.73%;;
05/14/2025;32.444;33.085;32.82;31.78;45.07K;-1.98%;;
05/13/2025;33.1;32.8;33.15;32.255;47.79K;1.46%;;
05.12.2025;32.624;32.6;33.435;32.68;48.17K;0.02%;;
05.08.2025;32.617;32.575;33.04;32.36;32.46K;-0.53%;;
05.07.2025;32.791;33.47;33.095;32.37;48.49K;-1.77%;;
05.06.2025;33.381;32.695;33.48;32.415;49.63K;2.79%;;
05.05.2025;32.474;32.25;33.47;32.625;54.72K;0.02%;;
05.01.2025;32.469;32.81;32.975;32.12;40.59K;-1.09%;;
04/30/2025;32.828;33.195;32.865;31.86;43.16K;-2.23%;;
04/29/2025;33.577;33.4;33.345;32.385;53.71K;1.24%;;
04/28/2025;33.165;33.205;33.835;33.1;52.76K;-1.01%;;
04/24/2025;33.503;33.565;33.69;32.715;53.15K;-0.13%;;
04/23/2025;33.547;32.45;33.67;33.135;53.16K;1.95%;;
04/22/2025;32.905;32.64;33.675;32.05;87.82K;1.18%;;
04/21/2025;32.521;32.44;33.17;32.255;91.54K;-1.39%;;
04/16/2025;32.98;32.305;32.925;32.11;50.11K;2.11%;;
04/15/2025;32.297;32.28;33.175;32.255;63.04K;0.40%;;
04/14/2025;32.167;32.195;32.425;32.07;38.57K;4.58%;;
04.10.2025;30.759;30.99;32.21;30.865;92.34K;1.13%;;
04.09.2025;30.415;29.78;31.245;30.51;80.27K;2.46%;;
04.08.2025;29.686;30.09;31.065;29.255;96.91K;0.28%;;
04.07.2025;29.604;29.23;30.52;29.56;76.83K;-7.40%;;
04.03.2025;31.97;34.95;32.045;29.115;126.20K;-7.73%;;
04.02.2025;34.65;34.375;34.95;31.73;155.00K;0.99%;;
04.01.2025;34.309;34.77;35.155;34.29;63.07K;-0.87%;;
03/31/2025;34.611;34.825;34.96;34.16;54.48K;-0.84%;;
03/27/2025;34.905;34.05;35.495;34.645;68.62K;2.50%;;
03/26/2025;34.054;34.075;35.405;34.125;79.60K;0.09%;;
03/25/2025;34.023;33.3;34.5;34.065;44.01K;1.71%;;
03/24/2025;33.45;33.54;34.365;33.43;46.64K;-1.59%;;
03/20/2025;33.991;34.425;34.135;33.165;53.51K;-0.63%;;
03/19/2025;34.205;34.64;34.595;33.615;50.53K;-1.76%;;
03/18/2025;34.818;34.38;34.79;34.11;50.63K;1.49%;;
03/17/2025;34.308;34.41;35;34.325;57.45K;0.01%;;
03/13/2025;34.306;33.725;34.86;34.14;60.18K;1.67%;;
03.12.2025;33.743;33.375;34.68;33.435;74.49K;1.80%;;
03.11.2025;33.147;32.46;33.815;33.18;57.66K;1.90%;;
03.10.2025;32.53;32.945;33.445;32.215;57.93K;-2.42%;;
03.06.2025;33.338;33.235;33.31;32.56;59.37K;0.62%;;
03.05.2025;33.134;32.56;33.38;32.86;51.41K;2.33%;;
03.04.2025;32.381;32.265;33.31;32.395;65.24K;0.22%;;
03.03.2025;32.31;31.715;32.66;32.03;50.89K;0.62%;;
02/27/2025;32.11;32.535;31.93;31.365;54.60K;-0.95%;;
02/26/2025;32.419;32.27;32.595;31.765;63.24K;1.39%;;
02/25/2025;31.976;32.89;32.3;31.79;36.52K;-2.40%;;
02/24/2025;32.763;33.045;32.79;31.6;72.76K;-2.16%;;
02/20/2025;33.486;33.15;33.54;32.81;63.37K;1.34%;;
02/19/2025;33.043;33.42;33.785;33.085;56.84K;-0.99%;;
02/18/2025;33.373;32.68;33.64;32.885;53.73K;1.98%;;
02/13/2025;32.726;32.71;34.24;32.585;107.87K;-0.18%;;
02.12.2025;32.785;32.255;33.045;32.455;56.02K;1.43%;;
02.11.2025;32.322;32.495;32.87;31.875;65.37K;-0.52%;;
02.10.2025;32.491;32.18;32.66;31.65;67.81K;-0.41%;;
02.06.2025;32.626;32.755;33.165;32.175;79.69K;-1.06%;;
02.05.2025;32.976;32.87;32.915;32.15;53.86K;-0.14%;;
02.04.2025;33.022;32.54;33.215;32.63;67.88K;1.52%;;
02.03.2025;32.526;32.46;33.195;32.225;61.87K;0.10%;;
01/30/2025;32.493;31.58;32.92;32.115;65.34K;3.93%;;
01/29/2025;31.264;30.78;32.815;31.56;68.27K;1.66%;;
01/28/2025;30.755;30.44;31.765;30.755;60.92K;1.56%;;
01/27/2025;30.283;30.615;30.96;30.235;38.93K;-1.40%;;
01/23/2025;30.712;31.18;31.685;30.825;49.24K;-2.25%;;
01/22/2025;31.42;31.555;31.395;30.465;66.71K;-0.24%;;
01/21/2025;31.496;31.085;31.71;31.115;41.70K;-0.72%;;
01/16/2025;31.725;31.6;31.64;30.91;49.19K;0.62%;;
01/15/2025;31.531;30.545;31.985;31.535;48.24K;3.89%;;
01/14/2025;30.351;30.305;31.65;30.37;51.15K;0.14%;;
01/13/2025;30.309;31.305;30.58;30.115;41.98K;-2.28%;;
01.09.2025;31.015;30.73;31.84;30.7;65.41K;1.06%;;
01.08.2025;30.69;30.655;31.27;30.65;39.72K;0.01%;;
01.07.2025;30.686;30.485;31.045;30.455;44.22K;0.34%;;
01.06.2025;30.583;30.095;31.025;30.41;48.06K;2.28%;;
01.02.2025;29.9;29.31;30.38;29.935;32.80K;1.66%;;
12/30/2024;29.412;29.98;29.48;29.2;27.41K;-2.72%;;
12/26/2024;30.234;30.19;30.465;29.89;29.44K;0.58%;;
12/23/2024;30.06;30.04;30.37;30.11;16.98K;2.66%;;
12/19/2024;29.282;29.665;30.235;29.195;58.03K;-4.34%;;
12/18/2024;30.61;30.73;30.14;29.145;67.60K;-0.60%;;
12/17/2024;30.796;30.91;31.045;29.755;49.41K;-0.42%;;
12/16/2024;30.927;30.88;31.11;30.615;39.63K;-1.76%;;
12.12.2024;31.482;32.88;31.63;30.755;61.92K;-4.09%;;
12.11.2024;32.823;32.54;33.33;31.495;93.75K;0.65%;;
12.10.2024;32.612;32.46;33.14;32.41;78.14K;0.40%;;
12.09.2024;32.481;31.46;32.795;32.305;61.73K;3.42%;;
12.05.2024;31.406;31.815;31.935;31.32;61.55K;-1.20%;;
12.04.2024;31.786;31.36;31.95;31.505;50.78K;1.35%;;
12.03.2024;31.363;30.925;32.07;31.065;75.75K;2.02%;;
12.02.2024;30.742;30.785;31.57;30.92;54.34K;0.94%;;
11/27/2024;30.455;30.93;31.375;30.095;72.02K;-0.37%;;
11/26/2024;30.567;30.51;31.185;30.435;58.51K;0.56%;;
11/25/2024;30.396;31.7;30.74;30.025;55.22K;-2.26%;;
11/21/2024;31.099;31.11;31.47;30.805;62.70K;-0.19%;;
11/20/2024;31.159;31.465;31.38;30.715;62.74K;-0.82%;;
11/19/2024;31.417;31.415;31.42;30.86;56.01K;0.12%;;
11/18/2024;31.379;30.53;31.615;31.125;60.77K;2.13%;;
11/14/2024;30.724;30.54;30.9;30.26;56.03K;-0.30%;;
11/13/2024;30.817;31.16;30.74;29.75;77.00K;-0.32%;;
11.12.2024;30.915;30.935;31.255;30.385;71.74K;0.48%;;
11.11.2024;30.768;31.575;30.93;30.28;73.67K;-3.89%;;
11.07.2024;32.013;31.44;32.17;31.3;73.37K;1.68%;;
11.06.2024;31.485;32.935;32.265;30.96;79.34K;-4.40%;;
11.05.2024;32.934;32.735;32.85;30.94;123.53K;0.52%;;
11.04.2024;32.765;32.72;33.055;32.355;50.45K;-0.57%;;
10/31/2024;32.953;34.01;33.25;32.46;68.25K;-3.74%;;
10/30/2024;34.234;34.74;34.04;32.64;95.03K;-0.60%;;
10/29/2024;34.441;33.845;34.69;33.565;73.11K;1.29%;;
10/28/2024;34.001;33.83;34.725;33.765;75.73K;0.61%;;
10/24/2024;33.795;33.875;34.195;33.26;69.50K;-0.13%;;
10/23/2024;33.839;35.055;34.48;33.42;79.66K;-3.43%;;
10/22/2024;35.041;34.01;35.07;33.61;100.74K;2.83%;;
10/21/2024;34.078;33.9;35.07;33.97;86.07K;7.25%;;
10/17/2024;31.774;31.905;33.97;31.855;104.14K;-0.63%;;
10/16/2024;31.974;31.685;32.22;31.485;62.55K;0.69%;;
10/15/2024;31.756;31.4;32.385;31.6;50.22K;1.41%;;
10/14/2024;31.316;31.73;31.89;30.95;53.23K;0.24%;;
10.10.2024;31.24;30.71;31.845;31.26;44.08K;1.86%;;
10.09.2024;30.67;30.86;31.4;30.57;55.40K;0.23%;;
10.08.2024;30.6;31.945;31.005;30.435;52.15K;-4.39%;;
10.07.2024;32.004;32.45;32.02;30.345;96.75K;-1.42%;;
10.03.2024;32.464;32.1;33.225;31.755;86.41K;1.70%;;
10.02.2024;31.92;31.705;32.485;31.65;56.40K;0.56%;;
10.01.2024;31.742;31.42;32.59;31.26;71.06K;0.90%;;
09/30/2024;31.458;31.945;32.145;31.38;61.99K;-2.29%;;
09/26/2024;32.195;32.04;32.59;31.635;75.15K;1.02%;;
09/25/2024;31.87;32.33;33.02;32.035;94.20K;-1.27%;;
09/24/2024;32.28;30.9;32.61;31.87;85.61K;4.33%;;
09/23/2024;30.94;30.915;32.6;30.96;115.08K;-1.09%;;
09/19/2024;31.281;30.355;31.755;31.04;76.17K;2.42%;;
09/18/2024;30.542;30.67;31.625;30.22;77.05K;-0.95%;;
09/17/2024;30.834;30.955;31.585;30.035;85.43K;-0.50%;;
09/16/2024;30.99;31.1;31.35;30.86;48.35K;3.41%;;
09.12.2024;29.967;29.04;31.28;30.19;84.16K;4.08%;;
09.11.2024;28.793;28.88;30.25;28.85;80.35K;1.08%;;
09.10.2024;28.484;28.5;29.215;28.39;69.78K;-0.13%;;
09.09.2024;28.521;27.96;28.89;28.36;47.04K;-1.52%;;
09.05.2024;28.96;28.47;29.47;28.01;89.00K;1.90%;;
09.04.2024;28.421;28.05;29.55;28.535;64.09K;0.76%;;
09.03.2024;28.208;28.65;28.715;28.11;46.98K;-3.56%;;
09.01.2024;29.25;29.188;29.35;28.055;91.64K;-1.93%;;
08/29/2024;29.827;29.56;30;29.08;60.31K;1.66%;;
08/28/2024;29.34;30.14;30.085;29.54;70.38K;-2.61%;;
08/27/2024;30.125;30.055;30.1;29.08;42.40K;-0.10%;;
08/26/2024;30.155;30.03;30.11;29.7;50.31K;3.32%;;
08/22/2024;29.185;29.73;29.915;28.945;72.56K;-1.65%;;
08/21/2024;29.676;29.525;29.7;28.795;76.46K;0.06%;;
08/20/2024;29.659;29.61;29.77;29.23;51.59K;0.74%;;
08/19/2024;29.44;29.22;30.035;29.255;75.64K;3.12%;;
08/15/2024;28.548;27.81;29.095;28.085;62.56K;3.93%;;
08/14/2024;27.469;28.055;28.58;27.525;87.14K;-1.60%;;
08/13/2024;27.916;28;28.175;27.23;65.28K;-0.77%;;
08.12.2024;28.134;27.63;28.135;27.51;57.95K;1.45%;;
08.08.2024;27.733;27.025;27.84;27.325;61.40K;2.45%;;
08.07.2024;27.069;27.15;27.69;26.505;71.71K;-0.99%;;
08.06.2024;27.341;27.55;27.365;26.665;65.06K;0.01%;;
08.05.2024;27.338;28.72;27.67;26.7;64.12K;-4.44%;;
08.01.2024;28.607;29.07;29.355;28.06;100.39K;-1.60%;;
07/31/2024;29.073;28.965;29.29;28.335;78.38K;1.35%;;
07/30/2024;28.685;28.435;29.185;28.39;62.49K;2.94%;;
07/29/2024;27.866;28.06;28.56;27.765;54.37K;-0.39%;;
07/25/2024;27.975;29.075;28.22;27.75;61.46K;-4.57%;;
07/24/2024;29.316;29.42;29.08;27.555;117.21K;-0.05%;;
07/23/2024;29.331;29.315;29.63;29.065;54.91K;0.03%;;
07/22/2024;29.321;29.425;29.48;28.825;54.42K;-2.99%;;
07/18/2024;30.224;30.505;30.03;29.06;78.42K;-0.50%;;
07/17/2024;30.377;31.495;30.8;29.94;71.73K;-3.44%;;
07/16/2024;31.458;30.93;31.655;30.255;97.92K;1.69%;;
07/15/2024;30.936;31.1;31.635;30.72;69.79K;-2.32%;;
07.11.2024;31.671;31.07;31.725;30.62;72.45K;2.12%;;
07.10.2024;31.014;31.085;32.015;31.07;79.92K;-0.14%;;
07.09.2024;31.056;31.02;31.445;30.915;50.63K;0.46%;;
07.08.2024;30.913;31.475;31.435;30.785;54.92K;0.23%;;
07.03.2024;30.842;29.815;31.79;30.45;100.15K;3.99%;;
07.02.2024;29.658;29.765;30.975;29.77;75.32K;0.15%;;
07.01.2024;29.613;29.445;30.125;29.49;52.27K;1.22%;;
06/27/2024;29.256;29.08;29.955;29.07;51.91K;0.57%;;
06/26/2024;29.091;29.145;29.575;28.99;63.25K;0.22%;;
06/25/2024;29.028;29.735;29.095;28.58;52.02K;-2.21%;;
06/24/2024;29.685;29.75;29.69;28.855;81.09K;-4.18%;;
06/20/2024;30.981;29.74;30.905;29.505;104.47K;4.25%;;
06/18/2024;29.717;29.72;30.845;29.41;130.79K;0.58%;;
06/17/2024;29.545;29.71;29.76;28.985;71.78K;1.13%;;
06/13/2024;29.216;29.86;29.65;28.905;76.88K;-3.96%;;
06.12.2024;30.422;29.63;29.83;28.73;116.61K;3.53%;;
06.11.2024;29.386;29.515;30.355;29.28;109.79K;-2.14%;;
06.10.2024;30.03;29.455;29.985;29.135;85.65K;-4.76%;;
06.06.2024;31.532;30.615;31.67;29.22;139.79K;4.31%;;
06.05.2024;30.229;29.96;31.47;30.065;95.06K;1.54%;;
06.04.2024;29.772;31.07;30.185;29.525;69.64K;-3.78%;;
06.03.2024;30.942;30.765;31.04;29.505;110.38K;-2.33%;;
05/30/2024;31.68;32.5;31.945;30.345;112.55K;-2.14%;;
05/29/2024;32.373;32.31;32.28;31.18;98.38K;0.73%;;
05/28/2024;32.137;30.565;32.515;31.78;87.06K;4.63%;;
05/26/2024;30.715;30.545;32.45;30.555;142.58K;0.85%;;
05/23/2024;30.455;31.015;30.835;30.235;55.07K;-3.31%;;
05/22/2024;31.496;32.225;31.185;30.265;107.27K;-1.81%;;
05/21/2024;32.078;32.055;32.44;30.965;93.21K;-1.07%;;
05/20/2024;32.426;31.85;32.72;31.28;112.62K;8.54%;;
05/16/2024;29.876;29.9;31.85;29.7;132.93K;0.49%;;
05/15/2024;29.729;28.855;30.105;29.555;91.44K;3.58%;;
05/14/2024;28.702;28.42;29.99;28.675;117.42K;0.91%;;
05/13/2024;28.443;28.42;28.985;28.31;70.50K;0.27%;;
05.09.2024;28.365;27.56;29;28.27;77.59K;2.77%;;
05.08.2024;27.601;27.475;28.58;27.515;79.43K;0.21%;;
05.07.2024;27.544;27.715;27.725;27.24;51.14K;-0.25%;;
05.06.2024;27.614;26.81;27.77;27.39;47.44K;2.93%;;
05.02.2024;26.829;26.905;27.14;26.345;65.99K;0.30%;;
05.01.2024;26.748;26.55;27.065;26.255;63.28K;0.35%;;
04/30/2024;26.654;27.455;27.25;26.52;64.62K;-3.64%;;
04/29/2024;27.66;27.5;27.455;26.515;87.80K;0.57%;;
04/25/2024;27.502;27.385;27.745;27.09;68.25K;0.02%;;
04/24/2024;27.496;27.45;27.61;27;83.80K;-0.05%;;
04/23/2024;27.511;27.42;27.525;27.06;70.17K;0.42%;;
04/22/2024;27.397;28.78;27.42;26.715;107.52K;-3.98%;;
04/18/2024;28.532;28.455;29.01;28.12;89.50K;-0.07%;;
04/17/2024;28.553;28.405;28.735;28.21;72.23K;0.09%;;
04/16/2024;28.526;29.14;28.895;28.145;102.41K;-1.18%;;
04/15/2024;28.866;28.38;29.1;28.03;107.02K;1.64%;;
04.11.2024;28.401;28.115;29.905;27.945;191.81K;0.70%;;
04.10.2024;28.204;28.46;28.6;27.84;89.11K;0.25%;;
04.09.2024;28.134;28.18;28.655;27.64;157.99K;0.64%;;
04.08.2024;27.956;27.435;28.44;27.725;125.25K;2.09%;;
04.04.2024;27.385;27.455;27.615;26.4;122.33K;0.70%;;
04.03.2024;27.195;26.46;27.455;26.785;104.38K;4.37%;;
04.02.2024;26.057;25.4;27.325;26.235;139.59K;3.39%;;
04.01.2024;25.203;25.36;26.295;25.195;133.45K;1.30%;;
03/27/2024;24.879;24.855;25.13;24.505;74.08K;1.04%;;
03/26/2024;24.623;24.845;24.79;24.445;57.54K;-1.08%;;
03/25/2024;24.891;24.85;25.055;24.515;69.88K;-0.46%;;
03/21/2024;25.007;25.79;25.11;24.58;57.39K;-0.39%;;
03/20/2024;25.104;25.09;25.975;24.82;104.11K;-0.12%;;
03/19/2024;25.135;25.25;25.835;24.93;68.27K;-0.51%;;
03/18/2024;25.265;25.4;25.36;24.92;49.79K;0.82%;;
03/14/2024;25.06;25.225;25.66;25;76.16K;-0.38%;;
03/13/2024;25.156;24.335;25.37;24.95;74.03K;3.12%;;
03.12.2024;24.394;24.675;25.25;24.275;79.33K;-1.30%;;
03.11.2024;24.715;24.58;24.9;24.22;75.85K;0.56%;;
03.07.2024;24.578;24.4;24.86;24.38;85.10K;0.35%;;
03.06.2024;24.493;23.895;24.735;24.225;85.24K;2.12%;;
03.05.2024;23.984;24.125;24.535;23.785;83.30K;-0.03%;;
03.04.2024;23.991;23.37;24.455;23.845;98.92K;4.83%;;
02/29/2024;22.885;22.675;23.485;22.71;71.03K;1.10%;;
02/28/2024;22.636;22.67;23;22.5;56.32K;-0.07%;;
02/27/2024;22.651;22.605;22.735;22.47;44.45K;0.06%;;
02/26/2024;22.638;23.03;22.71;22.405;38.67K;-1.14%;;
02/22/2024;22.899;23.035;23.03;22.58;62.49K;-0.39%;;
02/21/2024;22.989;23.255;23.2;22.76;52.30K;-1.12%;;
02/20/2024;23.25;23.53;23.22;22.79;57.99K;-0.87%;;
02/18/2024;23.453;23.473;23.51;22.955;98.23K;1.70%;;
02/15/2024;23.061;22.72;23.56;22.84;76.89K;2.52%;;
02/14/2024;22.495;22.135;23.09;22.4;96.31K;1.03%;;
02/13/2024;22.266;22.635;22.515;21.975;80.92K;-2.68%;;
02.12.2024;22.878;22.995;23.05;22.03;93.53K;0.57%;;
02.08.2024;22.749;22.405;22.795;22.42;49.62K;1.24%;;
02.07.2024;22.471;22.49;22.705;22.195;68.12K;-0.52%;;
02.06.2024;22.588;22.57;22.535;22.275;58.21K;0.24%;;
02.05.2024;22.534;22.77;22.575;22.34;43.92K;-3.48%;;
02.01.2024;23.347;23.435;23.355;22.485;90.02K;0.28%;;
01/31/2024;23.282;23.41;23.365;22.605;85.16K;-0.26%;;
01/30/2024;23.343;23.55;23.445;22.895;66.91K;0.40%;;
01/29/2024;23.251;22.92;23.43;23.055;53.37K;1.41%;;
01/25/2024;22.927;22.8;23.1;22.81;44.28K;0.17%;;
01/24/2024;22.889;22.57;23.155;22.765;57.18K;1.90%;;
01/23/2024;22.462;22.2;23.09;22.465;77.93K;0.74%;;
01/22/2024;22.296;22.745;22.58;22.165;49.42K;-2.24%;;
01/18/2024;22.807;22.715;22.98;22.595;41.45K;0.61%;;
01/17/2024;22.669;23.095;22.9;22.52;46.15K;-1.84%;;
01/16/2024;23.093;23.35;23.11;22.66;52.25K;-0.99%;;
01/14/2024;23.323;23.35;23.5;23.015;61.42K;2.72%;;
01.11.2024;22.705;23.085;23.72;22.915;72.37K;-1.57%;;
01.10.2024;23.066;23.16;23.4;22.63;81.74K;-0.11%;;
01.09.2024;23.091;23.315;23.29;22.935;44.06K;-0.94%;;
01.08.2024;23.31;23.38;23.565;23.08;42.90K;0.53%;;
01.04.2024;23.187;23.19;23.715;22.97;62.46K;0.13%;;
01.03.2024;23.157;23.885;23.26;22.88;52.98K;-3.32%;;
01.02.2024;23.953;24.045;23.95;23.045;86.46K;-0.40%;;
01.01.2024;24.05;24.027;24.335;23.875;47.42K;-1.32%;;
12/28/2023;24.372;24.55;24.235;23.76;46.55K;-0.63%;;
12/27/2023;24.526;24.38;24.74;24.185;35.69K;0.99%;;
12/26/2023;24.285;24.38;24.73;24.22;43.84K;-0.92%;;
12/25/2023;24.51;24.475;24.7;24.34;27.81K;0.17%;;
12/21/2023;24.468;24.42;24.895;24.37;48.68K;-0.20%;;
12/20/2023;24.516;24.285;24.79;24.43;46.76K;1.28%;;
12/19/2023;24.206;24.025;24.75;24.245;46.98K;0.88%;;
12/18/2023;23.994;23.98;24.475;24.04;37.54K;-1.15%;;
12/14/2023;24.273;23.98;24.59;24.05;57.00K;6.39%;;
12/13/2023;22.815;22.85;24.525;24.06;97.58K;-0.40%;;
12.12.2023;22.906;23.02;24.125;22.785;81.89K;-0.20%;;
12.11.2023;22.953;23.225;23.45;22.975;55.16K;-4.13%;;
12.07.2023;23.942;24.125;24.225;23.245;87.08K;-0.71%;;
12.06.2023;24.112;24.475;24.35;23.905;57.75K;-1.30%;;
12.05.2023;24.43;24.78;24.715;24.21;59.37K;-1.44%;;
12.04.2023;24.786;26.05;25.02;24.32;76.73K;-2.96%;;
11/30/2023;25.541;25.375;25.94;25.48;70.00K;0.79%;;
11/29/2023;25.342;25.43;25.7;25.325;51.62K;1.10%;;
11/28/2023;25.066;24.815;25.68;25.245;67.40K;1.06%;;
11/27/2023;24.803;24.51;25.065;24.585;59.63K;4.18%;;
11/22/2023;23.808;23.96;24.395;23.61;66.33K;-0.75%;;
11/21/2023;23.989;23.695;24.005;23.58;54.28K;1.08%;;
11/20/2023;23.732;23.835;24.08;23.47;65.70K;-1.33%;;
11/16/2023;24.053;23.665;24.22;23.73;54.40K;1.67%;;
11/15/2023;23.659;23.27;24.165;23.35;83.27K;1.76%;;
11/14/2023;23.249;22.53;23.71;23.095;72.28K;3.43%;;
11/13/2023;22.477;22.5;23.255;22.15;76.30K;-2.37%;;
11.09.2023;23.023;22.61;22.8;22.23;63.95K;0.77%;;
11.08.2023;22.846;22.72;23.07;22.415;74.59K;0.60%;;
11.07.2023;22.709;23.245;22.935;22.375;66.63K;-2.77%;;
11.06.2023;23.355;23.395;23.17;22.505;79.03K;1.67%;;
11.02.2023;22.971;23.235;23.415;22.675;76.96K;0.26%;;
11.01.2023;22.912;22.97;23.24;22.755;45.12K;-0.71%;;
10/31/2023;23.075;23.555;23.13;22.645;54.80K;-1.89%;;
10/30/2023;23.519;23.325;23.465;22.84;54.68K;2.67%;;
10/26/2023;22.908;23.005;23.255;22.775;46.57K;-0.43%;;
10/25/2023;23.007;23.06;23.275;22.565;59.31K;-0.47%;;
10/24/2023;23.116;23.095;23.16;22.69;55.00K;-0.40%;;
10/23/2023;23.21;23.505;23.35;22.805;48.11K;0.78%;;
10/19/2023;23.031;23.015;23.88;23.015;82.80K;-0.29%;;
10/18/2023;23.099;22.975;23.23;22.785;58.63K;0.33%;;
10/17/2023;23.024;22.78;23.49;22.84;66.39K;1.14%;;
10/16/2023;22.765;22.91;23.18;22.535;48.47K;3.67%;;
10.12.2023;21.959;22.205;22.99;21.96;76.26K;-0.79%;;
10.11.2023;22.133;22.015;22.39;21.88;51.30K;0.82%;;
10.10.2023;21.953;22.03;22.275;21.955;45.00K;0.13%;;
10.09.2023;21.924;21.94;22.11;21.775;43.79K;4.31%;;
10.05.2023;21.019;21.18;21.78;20.94;84.53K;-0.60%;;
10.04.2023;21.146;21.375;21.455;20.855;57.84K;-1.08%;;
10.03.2023;21.377;21.31;21.57;20.85;68.61K;-0.21%;;
10.02.2023;21.421;22.41;21.595;20.87;82.34K;-5.80%;;
09/28/2023;22.741;22.8;23.805;22.325;112.99K;0.58%;;
09/27/2023;22.609;22.94;22.955;22.61;67.24K;-2.07%;;
09/26/2023;23.086;23.17;23.12;22.64;66.47K;-0.82%;;
09/25/2023;23.277;23.695;23.39;23.1;52.63K;-1.29%;;
09/21/2023;23.582;23.335;24.05;23.665;53.72K;-0.62%;;
09/20/2023;23.728;23.225;23.745;23.06;73.84K;1.61%;;
09/19/2023;23.351;23.49;23.88;23.325;57.73K;-0.21%;;
09/18/2023;23.399;23.22;23.705;23.365;40.41K;2.17%;;
09/14/2023;22.902;22.985;23.585;22.91;67.11K;-0.77%;;
09/13/2023;23.08;23.295;23.265;22.555;84.60K;-0.95%;;
09.12.2023;23.301;23.345;23.39;23.025;49.96K;0.08%;;
09.11.2023;23.282;23.28;23.48;23.11;40.98K;0.64%;;
09.07.2023;23.134;23.2;23.455;23.13;52.75K;-1.12%;;
09.06.2023;23.397;23.71;23.5;23.13;50.65K;-1.54%;;
09.05.2023;23.762;24.255;23.935;23.315;67.14K;-3.14%;;
09.03.2023;24.532;24.54;24.655;23.815;91.77K;-0.65%;;
08/31/2023;24.692;25.02;25.22;24.52;61.53K;-1.15%;;
08/30/2023;24.978;25.135;25.06;24.745;47.18K;0.31%;;
08/29/2023;24.901;24.385;25.425;24.92;67.03K;2.18%;;
08/28/2023;24.369;24.41;24.845;24.205;52.92K;0.11%;;
08/24/2023;24.343;24.415;24.44;23.97;56.33K;-0.62%;;
08/23/2023;24.495;23.6;24.42;24.115;68.76K;4.00%;;
08/22/2023;23.553;23.47;24.43;23.475;89.90K;0.47%;;
08/21/2023;23.443;22.84;23.515;23.265;53.82K;2.73%;;
08/17/2023;22.821;22.735;22.92;22.67;54.78K;0.81%;;
08/16/2023;22.637;22.795;23.07;22.39;66.43K;-0.54%;;
08/15/2023;22.759;22.885;22.855;22.445;46.54K;-0.24%;;
08/14/2023;22.813;22.725;22.77;22.265;61.48K;-0.51%;;
08.10.2023;22.929;22.835;22.91;22.61;52.69K;0.39%;;
08.09.2023;22.841;23.015;23.06;22.665;75.61K;-0.35%;;
08.08.2023;22.922;23.33;22.99;22.68;69.55K;-1.84%;;
08.07.2023;23.352;23.76;23.255;22.72;82.66K;-1.95%;;
08.03.2023;23.816;23.725;23.895;23.275;58.39K;-0.73%;;
08.02.2023;23.991;24.645;23.94;23.41;63.14K;-1.86%;;
08.01.2023;24.445;24.54;24.63;23.76;73.95K;-2.58%;;
07/31/2023;25.092;24.585;24.905;24.255;52.95K;2.98%;;
07/27/2023;24.367;25.075;24.545;24.24;38.73K;-2.41%;;
07/26/2023;24.97;24.87;25.325;24.18;83.21K;0.59%;;
07/25/2023;24.824;24.525;25.21;24.675;56.99K;0.99%;;
07/24/2023;24.581;24.79;24.91;24.45;49.47K;-1.53%;;
07/20/2023;24.962;25.345;25.11;24.765;36.91K;-1.67%;;
07/19/2023;25.387;25.275;25.475;24.895;59.02K;0.52%;;
07/18/2023;25.256;25.06;25.46;25.145;43.19K;0.95%;;
07/17/2023;25.018;25.155;25.405;24.975;60.83K;0.28%;;
07/13/2023;24.949;24.33;25.255;24.91;73.14K;2.63%;;
07.12.2023;24.31;23.325;25.11;24.31;90.28K;4.42%;;
07.11.2023;23.281;23.335;24.375;23.31;82.58K;-0.27%;;
07.10.2023;23.345;23.34;23.595;23.22;34.71K;1.99%;;
07.06.2023;22.89;23.355;23.365;22.8;48.81K;-2.19%;;
07.05.2023;23.402;23.12;23.47;22.72;61.14K;1.25%;;
07.03.2023;23.112;22.995;23.535;22.97;81.91K;1.38%;;
06/29/2023;22.798;22.94;23.05;22.54;44.56K;-0.80%;;
06/28/2023;22.981;22.965;23.11;22.485;55.88K;-0.30%;;
06/27/2023;23.049;22.89;22.995;22.6;34.71K;0.55%;;
06/26/2023;22.923;22.55;23.15;22.785;48.75K;1.58%;;
06/22/2023;22.567;22.77;22.71;22.14;53.21K;-1.50%;;
06/21/2023;22.911;23.33;22.75;22.2;57.67K;-1.81%;;
06/20/2023;23.334;24.27;23.23;22.515;78.46K;-3.57%;;
06/18/2023;24.198;24.235;24.26;23.1;110.46K;0.64%;;
06/15/2023;24.044;24.055;24.29;23.91;62.35K;-0.69%;;
06/14/2023;24.212;23.965;24.01;23.27;90.80K;1.18%;;
06/13/2023;23.929;24.33;24.175;23.715;61.20K;-0.98%;;
06.12.2023;24.165;24.29;24.52;23.665;73.64K;-1.19%;;
06.08.2023;24.455;23.63;24.62;24.28;63.77K;3.46%;;
06.07.2023;23.638;23.64;24.46;23.51;84.07K;-0.59%;;
06.06.2023;23.779;23.69;24.165;23.48;73.33K;0.15%;;
06.05.2023;23.743;23.87;23.87;23.41;44.28K;-1.46%;;
06.01.2023;24.096;23.83;24.12;23.66;62.06K;1.69%;;
05/31/2023;23.696;23.475;24.03;23.355;76.91K;1.47%;;
05/30/2023;23.353;23.62;23.735;23.16;76.73K;-0.26%;;
05/28/2023;23.413;23.43;23.51;23.03;79.06K;2.20%;;
05/25/2023;22.91;23.185;23.46;22.785;59.82K;-1.42%;;
05/24/2023;23.24;23.59;23.26;22.8;63.12K;-1.63%;;
05/23/2023;23.624;23.8;23.655;23.14;52.10K;-0.99%;;
05/22/2023;23.861;24.02;23.81;23.235;61.00K;0.96%;;
05/18/2023;23.633;23.94;24.185;23.555;56.31K;-1.10%;;
05/17/2023;23.897;23.915;23.96;23.485;46.40K;0.02%;;
05/16/2023;23.893;24.265;24.06;23.715;49.65K;-1.64%;;
05/15/2023;24.291;24.1;24.275;23.805;63.67K;-0.54%;;
05.11.2023;24.424;25.545;24.405;23.91;72.51K;-4.81%;;
05.10.2023;25.658;25.84;25.7;24.325;107.00K;-0.93%;;
05.09.2023;25.898;25.79;26.2;25.455;77.95K;0.25%;;
05.08.2023;25.834;25.945;25.93;25.57;45.73K;-1.50%;;
05.04.2023;26.227;25.91;26.435;25.41;68.60K;2.13%;;
05.03.2023;25.681;25.65;26.36;25.7;73.18K;0.24%;;
05.02.2023;25.619;25.245;25.91;25.355;52.18K;1.54%;;
05.01.2023;25.23;25.46;25.765;24.82;62.31K;0.08%;;
04/27/2023;25.209;25.17;25.35;24.98;44.91K;0.95%;;
04/26/2023;24.972;25.135;25.41;24.745;70.92K;-0.02%;;
04/25/2023;24.978;25.33;25.325;24.815;64.25K;-1.70%;;
04/24/2023;25.411;25.28;25.435;24.53;73.90K;-0.26%;;
04/20/2023;25.478;25.475;25.475;24.985;61.58K;0.03%;;
04/19/2023;25.471;25.15;25.585;25.155;64.38K;0.41%;;
04/18/2023;25.368;25.21;25.46;24.715;74.68K;0.68%;;
04/17/2023;25.197;25.47;25.43;25.03;48.69K;-3.22%;;
04/13/2023;26.035;25.715;26.235;25.265;94.54K;1.85%;;
04.12.2023;25.563;25.515;26.115;25.515;75.42K;1.06%;;
04.11.2023;25.296;25.195;25.825;25.175;89.02K;1.10%;;
04.10.2023;25.02;25.1;25.275;24.97;54.83K;-0.49%;;
04.05.2023;25.143;25.235;25.175;24.695;49.82K;-0.23%;;
04.04.2023;25.201;24.105;25.295;24.785;66.17K;4.49%;;
04.03.2023;24.118;24.05;25.195;23.97;80.73K;0.17%;;
03/30/2023;24.076;23.63;24.31;23.83;59.67K;2.60%;;
03/29/2023;23.466;23.47;24.1;23.37;67.10K;0.20%;;
03/28/2023;23.42;23.21;23.555;23.205;42.58K;1.19%;;
03/27/2023;23.145;23.485;23.515;22.96;42.18K;-0.48%;;
03/23/2023;23.256;23.1;23.705;23.125;65.53K;2.06%;;
03/22/2023;22.786;22.51;23.36;22.9;60.54K;1.61%;;
03/21/2023;22.425;22.665;23.24;22.41;56.69K;-0.98%;;
03/20/2023;22.646;22.71;22.785;22.29;45.06K;4.40%;;
03/16/2023;21.692;21.925;22.765;21.785;68.62K;-0.87%;;
03/15/2023;21.882;21.795;22.21;21.59;56.94K;-0.72%;;
03/14/2023;22.04;21.92;22.525;21.605;89.43K;0.53%;;
03/13/2023;21.923;20.72;22.09;21.465;75.57K;8.72%;;
03.09.2023;20.165;20.125;20.875;19.945;73.69K;0.07%;;
03.08.2023;20.151;20.165;20.355;20.025;47.40K;-0.24%;;
03.07.2023;20.199;21.14;20.29;19.955;60.89K;-4.43%;;
03.06.2023;21.135;21.385;21.215;20.105;69.32K;1.12%;;
03.02.2023;20.901;21.085;21.385;20.91;53.40K;-0.92%;;
03.01.2023;21.095;21.03;21.1;20.76;45.16K;0.11%;;
02/28/2023;21.071;20.74;21.285;20.945;57.92K;1.34%;;
02/27/2023;20.793;20.915;21.125;20.505;61.59K;-2.73%;;
02/23/2023;21.376;21.61;21.395;20.725;53.88K;-1.71%;;
02/22/2023;21.748;21.97;21.67;21.26;52.99K;-1.01%;;
02/21/2023;21.97;21.77;22;21.435;50.98K;1.72%;;
02/19/2023;21.598;21.753;21.995;21.555;86.91K;-0.97%;;
02/16/2023;21.81;21.84;21.8;21.155;67.93K;0.70%;;
02/15/2023;21.659;21.8;21.79;21.4;56.29K;-1.38%;;
02/14/2023;21.961;21.845;21.875;21.385;55.51K;0.09%;;
02/13/2023;21.942;22.02;22.04;21.585;73.82K;-1.34%;;
02.09.2023;22.241;22.545;22.31;21.83;68.26K;-1.24%;;
02.08.2023;22.52;22.42;22.615;21.915;67.99K;1.09%;;
02.07.2023;22.277;22.415;22.56;22.205;56.97K;-0.27%;;
02.06.2023;22.337;22.655;22.485;22.065;72.08K;-5.81%;;
02.02.2023;23.715;24.45;23.665;22.325;111.87K;0.05%;;
02.01.2023;23.703;24.01;24.75;23.495;110.84K;-0.95%;;
01/31/2023;23.93;23.86;24.15;23.44;65.33K;0.46%;;
01/30/2023;23.821;23.905;23.865;23.05;66.63K;-0.83%;;
01/26/2023;24.02;24.055;24.12;23.39;65.13K;0.33%;;
01/25/2023;23.941;23.765;24.415;23.69;85.57K;0.81%;;
01/24/2023;23.749;23.565;24.065;23.44;56.58K;0.83%;;
01/23/2023;23.554;24.055;23.855;23.31;51.75K;-1.32%;;
01/19/2023;23.87;23.595;24.225;23.83;56.90K;0.94%;;
01/18/2023;23.647;24.09;24.075;23.27;66.63K;-1.75%;;
01/17/2023;24.068;24.45;24.5;23.55;82.10K;-1.42%;;
01/15/2023;24.415;24.422;24.67;23.975;86.02K;1.71%;;
01.12.2023;24.004;23.53;24.445;23.62;59.83K;2.23%;;
01.11.2023;23.481;23.72;24.33;23.5;73.11K;-0.78%;;
01.10.2023;23.665;23.775;24.19;23.34;57.03K;-0.86%;;
01.09.2023;23.871;24.025;23.905;23.55;42.92K;1.91%;;
01.05.2023;23.424;23.94;24.055;23.345;55.42K;-2.25%;;
01.04.2023;23.964;24.175;24.06;23.26;60.08K;-1.12%;;
01.03.2023;24.236;24.305;24.64;23.745;62.31K;-0.38%;;
01.02.2023;24.328;24.177;24.775;24.095;69.96K;0.32%;;
12/29/2022;24.25;23.725;24.36;23.705;40.89K;2.08%;;
12/28/2022;23.756;24.115;24.28;23.69;36.90K;-1.60%;;
12/27/2022;24.142;23.935;24.275;23.645;34.29K;0.36%;;
12/26/2022;24.055;24.008;24.495;23.975;45.23K;2.10%;;
12/22/2022;23.561;24.085;24.095;23.685;31.56K;-2.32%;;
12/21/2022;24.121;24.305;24.315;23.55;46.20K;-0.26%;;
12/20/2022;24.183;23.095;24.525;24.055;36.77K;4.61%;;
12/19/2022;23.117;23.305;24.49;23.05;72.52K;-0.48%;;
12/15/2022;23.229;24.075;23.445;22.735;51.26K;-3.41%;;
12/14/2022;24.049;23.865;24.18;23.155;61.90K;0.59%;;
12/13/2022;23.909;23.565;24.275;23.605;51.52K;2.55%;;
12.12.2022;23.314;23.435;24.39;23.49;74.31K;0.68%;;
12.08.2022;23.157;22.715;23.9;23.14;53.44K;1.40%;;
12.07.2022;22.837;22.4;23.425;22.725;44.88K;2.61%;;
12.06.2022;22.256;22.435;23.01;22.255;51.54K;-0.30%;;
12.05.2022;22.324;23.31;22.78;22.19;49.86K;-2.03%;;
12.01.2022;22.786;22.68;23.475;22.48;74.94K;4.87%;;
11/30/2022;21.727;21.755;23.005;22.24;73.64K;1.57%;;
11/29/2022;21.392;21.13;22.41;21.355;63.51K;1.86%;;
11/28/2022;21.002;21.52;21.635;21.06;46.73K;-2.02%;;
11/23/2022;21.436;21.17;21.73;21.175;53.89K;1.45%;;
11/22/2022;21.13;20.975;21.63;20.925;50.25K;0.85%;;
11/21/2022;20.952;21.11;21.37;20.86;56.89K;-0.48%;;
11/17/2022;21.054;21.605;21.325;20.87;45.48K;-2.55%;;
11/16/2022;21.604;21.725;21.535;20.785;68.30K;0.05%;;
11/15/2022;21.593;22.09;22.155;21.455;71.72K;-2.64%;;
11/14/2022;22.178;21.735;22.38;21.45;94.52K;1.86%;;
11.10.2022;21.772;21.28;22.16;21.355;77.86K;1.83%;;
11.09.2022;21.381;21.495;21.94;21.045;92.92K;-0.86%;;
11.08.2022;21.567;20.9;21.695;21.055;80.56K;2.79%;;
11.07.2022;20.981;20.65;21.72;20.57;95.95K;7.68%;;
11.03.2022;19.485;19.455;20.965;19.425;112.10K;-0.86%;;
11.02.2022;19.654;19.675;19.555;18.805;71.23K;-0.38%;;
11.01.2022;19.728;19.16;20.11;19.2;63.23K;2.84%;;
10/31/2022;19.184;19.01;20.04;19.085;79.39K;-1.59%;;
10/27/2022;19.494;19.555;19.62;18.95;51.84K;0.04%;;
10/26/2022;19.486;19.325;19.66;19.255;58.01K;0.71%;;
10/25/2022;19.349;19.195;19.765;19.18;55.63K;0.83%;;
10/24/2022;19.189;19.395;19.41;18.74;54.44K;2.68%;;
10/20/2022;18.689;18.405;19.405;18.205;85.07K;1.80%;;
10/19/2022;18.359;18.685;18.96;18.15;57.78K;-1.30%;;
10/18/2022;18.6;18.625;18.755;18.305;36.44K;-0.64%;;
10/17/2022;18.719;18.16;18.865;18.49;39.82K;-1.05%;;
10/13/2022;18.918;19.01;19.055;18.01;69.61K;-0.11%;;
10.12.2022;18.938;19.175;19.29;18.41;73.30K;-2.82%;;
10.11.2022;19.487;19.63;19.31;18.84;57.22K;-0.65%;;
10.10.2022;19.615;20.185;19.725;19.05;60.40K;-5.06%;;
10.06.2022;20.66;20.75;20.875;20.02;60.63K;0.56%;;
10.05.2022;20.544;21.12;20.93;20.4;49.26K;-2.63%;;
10.04.2022;21.099;20.745;21.135;19.985;80.04K;2.48%;;
10.03.2022;20.589;18.995;21.31;20.68;73.44K;10.03%;;
09/29/2022;18.712;18.91;19.3;18.745;53.86K;-0.68%;;
09/28/2022;18.841;18.36;18.915;18.465;59.25K;2.95%;;
09/27/2022;18.302;18.38;18.965;17.895;83.80K;-0.82%;;
09/26/2022;18.453;18.525;18.785;18.295;63.09K;-5.79%;;
09/22/2022;19.587;19.235;19.745;18.76;82.52K;0.72%;;
09/21/2022;19.447;19.66;19.89;19.25;63.37K;1.57%;;
09/20/2022;19.146;19.525;19.96;19.23;70.73K;-0.90%;;
09/19/2022;19.319;19.555;19.605;19.07;42.27K;0.48%;;
09/15/2022;19.227;19.41;19.64;18.77;58.15K;-1.53%;;
09/14/2022;19.525;19.265;19.625;19.11;50.66K;0.39%;;
09/13/2022;19.449;19.41;19.685;19.215;47.43K;-1.85%;;
09.12.2022;19.816;18.81;19.93;19.295;76.43K;7.68%;;
09.08.2022;18.402;18.325;18.86;18.445;43.86K;1.00%;;
09.07.2022;18.22;17.82;18.665;18.24;53.20K;1.97%;;
09.06.2022;17.868;17.845;18.4;17.74;49.64K;1.34%;;
09.01.2022;17.632;17.7;18.165;17.62;62.96K;-1.22%;;
08/31/2022;17.849;17.96;17.865;17.4;66.96K;-2.17%;;
08/30/2022;18.244;18.675;18.39;17.8;63.46K;-1.92%;;
08/29/2022;18.602;18.75;18.7;18.225;58.00K;-2.85%;;
08/25/2022;19.147;19.155;19.345;18.68;53.72K;1.08%;;
08/24/2022;18.942;19.045;19.26;18.955;46.31K;-0.64%;;
08/23/2022;19.064;18.885;19.105;18.815;42.82K;0.77%;;
08/22/2022;18.918;19.05;19.155;18.65;52.28K;-3.02%;;
08/18/2022;19.508;19.81;19.48;18.925;55.57K;-1.36%;;
08/17/2022;19.776;20.205;19.885;19.41;46.16K;-1.75%;;
08/16/2022;20.128;20.265;20.24;19.63;49.57K;-0.93%;;
08/15/2022;20.317;20.81;20.25;19.86;41.92K;-0.38%;;
08.11.2022;20.394;20.61;20.85;20.19;46.59K;-1.90%;;
08.10.2022;20.79;20.545;20.605;20.19;56.53K;1.26%;;
08.09.2022;20.531;20.67;20.83;20.315;65.02K;-0.64%;;
08.08.2022;20.664;19.825;20.74;20.4;53.85K;2.43%;;
08.04.2022;20.173;20.015;20.28;19.47;62.13K;1.13%;;
08.03.2022;19.947;19.92;20.38;19.93;49.82K;-1.20%;;
08.02.2022;20.189;20.46;20.14;19.75;47.27K;-1.09%;;
08.01.2022;20.412;20.5;20.495;19.915;64.54K;2.48%;;
07/28/2022;19.918;19.185;20.35;19.825;64.59K;7.09%;;
07/27/2022;18.6;18.535;20;19.01;86.52K;0.35%;;
07/26/2022;18.535;18.33;19.095;18.36;62.26K;1.13%;;
07/25/2022;18.328;18.54;18.62;18.285;40.82K;-2.09%;;
07/21/2022;18.719;18.61;18.88;18.42;47.28K;0.27%;;
07/20/2022;18.668;18.695;18.805;18.12;58.42K;-0.24%;;
07/19/2022;18.713;18.655;19.03;18.565;42.47K;-0.67%;;
07/18/2022;18.84;18.675;18.845;18.51;36.80K;3.37%;;
07/14/2022;18.225;19.18;18.695;18.095;53.07K;-5.05%;;
07/13/2022;19.194;18.87;19.18;18.01;82.27K;1.24%;;
07.12.2022;18.958;19.055;19.36;18.79;63.75K;-0.91%;;
07.11.2022;19.132;19.265;19.135;18.63;53.27K;-0.29%;;
07.07.2022;19.188;19.17;19.39;18.935;43.11K;0.15%;;
07.06.2022;19.159;19.155;19.435;19.035;42.48K;0.20%;;
07.05.2022;19.121;19.88;19.325;18.705;66.25K;-6.05%;;
06/30/2022;20.352;20.725;20.29;19.295;75.67K;-1.86%;;
06/29/2022;20.738;20.84;20.785;20.145;61.10K;-0.48%;;
06/28/2022;20.839;21.17;21.065;20.61;53.00K;-1.60%;;
06/27/2022;21.178;21.245;21.355;20.72;42.01K;0.58%;;
06/23/2022;21.056;21.435;21.205;20.545;72.54K;-1.91%;;
06/22/2022;21.465;21.555;21.495;20.89;71.94K;-1.60%;;
06/21/2022;21.813;21.6;21.675;21.205;55.92K;-0.52%;;
06/16/2022;21.928;21.705;21.965;21.56;43.90K;2.17%;;
06/15/2022;21.463;21.26;21.97;21.32;52.32K;2.20%;;
06/14/2022;21;21.12;21.845;20.97;70.54K;-1.43%;;
06/13/2022;21.305;22.08;21.36;20.845;59.21K;-2.56%;;
06.09.2022;21.864;22.135;22.02;21.235;78.78K;-1.28%;;
06.08.2022;22.148;22.12;22.165;21.535;63.62K;-0.38%;;
06.07.2022;22.233;22.31;22.275;21.795;44.94K;0.39%;;
06.06.2022;22.147;22.31;22.3;21.84;51.45K;-0.82%;;
06.02.2022;22.33;21.95;22.525;21.86;37.47K;1.68%;;
06.01.2022;21.962;21.54;22.38;21.785;35.94K;1.04%;;
05/31/2022;21.737;21.815;21.995;21.41;51.15K;-1.04%;;
05/26/2022;21.965;21.975;22.475;21.94;38.41K;0.43%;;
05/25/2022;21.87;22.115;22.075;21.73;29.70K;-0.87%;;
05/24/2022;22.063;21.77;22.145;21.725;32.08K;1.57%;;
05/23/2022;21.723;21.78;22.215;21.645;36.83K;-0.84%;;
05/19/2022;21.908;21.43;22.08;21.58;34.79K;1.69%;;
05/18/2022;21.544;21.665;22.01;21.25;41.28K;-0.95%;;
05/17/2022;21.75;21.65;21.75;21.365;33.87K;0.92%;;
05/16/2022;21.551;21.105;21.925;21.52;39.23K;3.75%;;
05.12.2022;20.773;21.555;21.125;20.42;58.68K;-3.72%;;
05.11.2022;21.575;21.21;21.625;20.59;82.00K;0.70%;;
05.10.2022;21.424;21.77;21.97;21.2;80.77K;-1.81%;;
05.09.2022;21.82;22.395;22.085;21.155;78.50K;-2.78%;;
05.05.2022;22.443;23.04;22.665;22.11;59.54K;0.18%;;
05.04.2022;22.402;22.6;23.345;22.325;71.88K;-1.16%;;
05.03.2022;22.665;22.7;23.125;22.22;58.06K;0.36%;;
05.02.2022;22.584;22.785;22.89;22.44;43.73K;-2.58%;;
04/28/2022;23.181;23.365;23.65;22.71;55.33K;-1.29%;;
04/27/2022;23.483;23.65;23.455;22.94;57.59K;-0.38%;;
04/26/2022;23.572;23.79;23.765;23.275;37.58K;-0.53%;;
04/25/2022;23.698;24.18;23.975;23.445;45.15K;-3.89%;;
04/21/2022;24.657;25.3;24.74;24.08;65.63K;-2.55%;;
04/20/2022;25.303;25.21;25.31;24.48;69.61K;-0.48%;;
04/19/2022;25.426;26.045;25.4;24.98;44.95K;-2.88%;;
04/18/2022;26.181;26.11;26.195;25.165;65.30K;0.46%;;
04/13/2022;26.06;25.62;26.115;25.46;51.61K;1.13%;;
04.12.2022;25.769;25.275;26.07;25.53;62.66K;2.99%;;
04.11.2022;25.022;24.985;25.84;25.025;74.87K;0.96%;;
04.07.2022;24.785;24.515;24.935;24.495;50.94K;1.13%;;
04.06.2022;24.509;24.625;24.78;24.335;48.61K;-0.32%;;
04.05.2022;24.588;24.9;24.68;24.2;47.18K;-0.19%;;
04.04.2022;24.636;24.75;25.11;24.355;49.22K;-2.07%;;
03/31/2022;25.158;24.78;25.04;24.565;44.25K;0.05%;;
03/30/2022;25.146;25.01;25.285;24.67;36.61K;1.66%;;
03/29/2022;24.736;25.01;25.265;24.855;38.79K;-1.83%;;
03/28/2022;25.196;25.725;25.135;24.045;76.19K;-2.79%;;
03/24/2022;25.92;25.285;26.035;25.47;37.91K;2.90%;;
03/23/2022;25.189;24.915;26.16;25.17;61.00K;1.14%;;
03/22/2022;24.904;25.41;25.37;24.78;34.15K;-1.62%;;
03/21/2022;25.313;25.15;25.59;24.695;45.76K;-1.18%;;
03/17/2022;25.616;25.24;25.64;24.98;38.06K;3.67%;;
03/16/2022;24.71;25.115;25.75;25.165;40.14K;-1.78%;;
03/15/2022;25.158;25.26;25.25;24.55;46.30K;-0.55%;;
03/14/2022;25.298;26.28;25.315;24.75;47.79K;-3.65%;;
03.10.2022;26.256;26.06;26.35;25.695;51.55K;1.70%;;
03.09.2022;25.816;26.925;26.425;25.6;55.85K;-4.01%;;
03.08.2022;26.895;25.805;27.39;25.73;87.11K;4.57%;;
03.07.2022;25.72;26.025;27.495;25.55;127.21K;2.01%;;
03.03.2022;25.212;25.45;25.92;25.155;70.86K;0.09%;;
03.02.2022;25.19;25.505;25.665;25.075;57.47K;-1.37%;;
03.01.2022;25.541;24.455;25.545;24.96;69.47K;4.82%;;
02/28/2022;24.366;24.62;25.65;24.345;68.56K;-1.34%;;
02/24/2022;24.697;24.655;24.55;23.92;67.32K;0.50%;;
02/23/2022;24.574;24.14;25.67;23.86;107.56K;1.00%;;
02/22/2022;24.331;24.08;24.62;24.05;62.69K;1.79%;;
02/17/2022;23.903;23.58;24.115;23.7;52.87K;1.14%;;
02/16/2022;23.633;23.425;23.93;23.44;60.05K;1.13%;;
02/15/2022;23.369;24.01;23.67;23.29;47.87K;-2.13%;;
02/14/2022;23.877;23.7;24.015;23.07;61.87K;1.41%;;
02.10.2022;23.545;23.68;23.71;22.855;77.04K;0.78%;;
02.09.2022;23.362;23.29;23.735;23.145;77.91K;0.61%;;
02.08.2022;23.221;22.845;23.365;23.095;52.98K;0.53%;;
02.07.2022;23.098;22.575;23.265;22.77;52.51K;3.13%;;
02.03.2022;22.397;22.635;22.69;22.1;47.76K;-1.47%;;
02.02.2022;22.73;22.675;22.66;21.985;55.03K;0.50%;;
02.01.2022;22.618;22.75;22.875;22.465;38.34K;0.89%;;
01/31/2022;22.419;22.575;23.06;22.405;48.40K;-1.13%;;
01/27/2022;22.676;23.565;22.83;22.15;63.81K;-4.75%;;
01/26/2022;23.807;23.85;23.625;22.585;82.12K;-0.37%;;
01/25/2022;23.896;24.045;24.025;23.46;55.62K;0.40%;;
01/24/2022;23.8;24.305;24.045;23.635;53.18K;-3.71%;;
01/20/2022;24.716;24.185;24.64;24.205;62.05K;2.00%;;
01/19/2022;24.231;23.505;24.755;24.125;75.61K;3.15%;;
01/18/2022;23.492;22.995;24.265;23.43;73.90K;1.42%;;
01/13/2022;23.162;23.19;23.345;22.845;50.67K;-0.19%;;
01.12.2022;23.207;22.82;23.315;23.025;53.38K;1.73%;;
01.11.2022;22.812;22.5;23.26;22.68;55.76K;1.56%;;
01.10.2022;22.462;22.385;22.86;22.48;48.87K;1.23%;;
01.06.2022;22.19;22.81;22.46;21.945;57.76K;-4.23%;;
01.05.2022;23.17;23.095;22.85;22;73.89K;0.49%;;
01.04.2022;23.056;22.92;23.3;22.75;41.19K;1.08%;;
01.03.2022;22.81;23.385;23.14;22.655;44.91K;-1.08%;;
12/30/2021;23.06;22.87;23.39;23.07;30.39K;0.92%;;
12/29/2021;22.85;23;23.155;22.63;30.54K;-1.14%;;
12/28/2021;23.113;23.17;23.185;22.6;40.03K;0.57%;;
12/27/2021;22.981;22.88;23.48;23.005;42.75K;0.78%;;
12/22/2021;22.804;22.455;22.965;22.68;33.91K;1.29%;;
12/21/2021;22.513;22.24;22.86;22.44;35.70K;1.04%;;
12/20/2021;22.281;22.26;22.805;22.185;45.67K;-0.85%;;
12/16/2021;22.471;22.165;22.69;22.355;39.31K;4.37%;;
12/15/2021;21.53;21.825;22.56;21.93;56.37K;-1.73%;;
12/14/2021;21.909;21.91;22.13;21.41;65.04K;-1.82%;;
12/13/2021;22.315;22.23;22.355;21.67;52.45K;1.43%;;
12.09.2021;22.001;22.435;22.24;21.815;43.90K;-1.88%;;
12.08.2021;22.422;22.415;22.475;21.84;58.89K;-0.40%;;
12.07.2021;22.512;22.31;22.58;22.305;28.91K;1.17%;;
12.06.2021;22.252;22.53;22.625;22.23;38.83K;-0.23%;;
12.02.2021;22.304;22.48;22.59;22.035;54.13K;-0.09%;;
12.01.2021;22.324;22.945;22.505;22.215;45.19K;-2.08%;;
11/30/2021;22.799;22.87;23.06;22.185;65.42K;-0.16%;;
11/29/2021;22.836;23.16;23.355;22.705;68.03K;-2.88%;;
11/24/2021;23.514;23.68;23.735;22.915;61.28K;0.26%;;
11/23/2021;23.452;24.245;23.695;23.4;54.62K;-3.56%;;
11/22/2021;24.318;24.67;24.34;23.28;93.87K;-2.41%;;
11/18/2021;24.919;25.2;25.04;24.61;67.98K;-1.06%;;
11/17/2021;25.185;24.88;25.23;24.73;63.62K;0.89%;;
11/16/2021;24.963;25.185;25.285;24.85;54.35K;-0.64%;;
11/15/2021;25.124;25.42;25.49;24.825;77.00K;-0.77%;;
11.11.2021;25.32;24.735;25.47;24.925;66.39K;2.13%;;
11.10.2021;24.791;24.315;25.365;24.645;82.02K;1.87%;;
11.09.2021;24.337;24.545;25.22;24.04;131.56K;-0.91%;;
11.08.2021;24.561;24.17;24.565;24.09;65.11K;2.64%;;
11.04.2021;23.93;23.635;24.255;23.665;73.24K;2.92%;;
11.03.2021;23.251;23.565;24.115;23.485;68.46K;-1.16%;;
11.02.2021;23.524;24.12;23.665;23.045;67.16K;-2.35%;;
11.01.2021;24.091;23.99;24.14;23.43;63.00K;-0.20%;;
10/28/2021;24.139;24.15;24.14;23.705;57.80K;-0.21%;;
10/27/2021;24.191;24.22;24.31;24.02;45.96K;0.43%;;
10/26/2021;24.088;24.65;24.33;23.905;48.09K;-2.05%;;
10/25/2021;24.592;24.395;24.655;23.925;61.76K;1.75%;;
10/21/2021;24.17;24.37;24.92;24.185;83.28K;-1.12%;;
10/20/2021;24.445;23.71;24.55;24.07;58.68K;2.35%;;
10/19/2021;23.883;23.25;24.495;23.615;73.13K;2.66%;;
10/18/2021;23.264;23.38;24.18;23.22;79.07K;-0.91%;;
10/14/2021;23.477;23.1;23.645;23.1;52.25K;1.32%;;
10/13/2021;23.17;22.57;23.625;22.925;54.28K;2.91%;;
10.12.2021;22.514;22.61;23.285;22.48;71.90K;-0.67%;;
10.11.2021;22.665;22.685;22.79;22.325;42.93K;0.03%;;
10.07.2021;22.658;22.64;23.22;22.435;69.58K;0.56%;;
10.06.2021;22.532;22.635;22.84;22.385;41.56K;-0.34%;;
10.05.2021;22.608;22.725;22.7;22.185;38.89K;-0.16%;;
10.04.2021;22.644;22.6;22.73;22.38;27.04K;2.71%;;
09/30/2021;22.047;21.515;22.6;21.99;43.51K;2.62%;;
09/29/2021;21.485;22.475;22.225;21.46;66.12K;-4.34%;;
09/28/2021;22.46;22.635;22.565;21.41;80.16K;-0.99%;;
09/27/2021;22.685;22.435;22.68;22.08;55.49K;0.10%;;
09/23/2021;22.663;22.59;22.79;22.09;41.67K;-0.99%;;
09/22/2021;22.89;22.485;22.88;22.465;43.74K;1.31%;;
09/21/2021;22.593;22.21;23.15;22.455;51.99K;1.84%;;
09/20/2021;22.185;22.325;22.72;22.21;41.11K;-2.59%;;
09/16/2021;22.774;23.515;23.13;22.305;66.39K;-4.23%;;
09/15/2021;23.779;23.865;24;22.585;90.20K;-0.35%;;
09/14/2021;23.863;23.695;23.94;23.67;32.69K;0.37%;;
09/13/2021;23.775;23.455;23.98;23.435;42.44K;-1.58%;;
09.09.2021;24.156;23.975;24.345;23.76;39.09K;0.50%;;
09.08.2021;24.036;24.095;24.355;23.865;43.41K;-1.32%;;
09.07.2021;24.357;24.81;24.48;23.94;45.43K;1.91%;;
09.02.2021;23.9;23.9;24.945;23.91;67.19K;-1.24%;;
09.01.2021;24.201;23.935;24.275;23.815;36.86K;0.88%;;
08/31/2021;23.991;23.965;24.325;23.775;48.67K;0.00%;;
08/30/2021;23.992;24.13;24.27;23.83;44.56K;1.80%;;
08/26/2021;23.567;23.895;24.135;23.305;63.31K;-0.96%;;
08/25/2021;23.795;23.815;23.895;23.42;55.51K;-0.48%;;
08/24/2021;23.909;23.625;23.91;23.59;56.58K;1.03%;;
08/23/2021;23.666;23.035;23.975;23.545;52.17K;1.84%;;
08/19/2021;23.239;23.355;23.3;22.835;55.72K;-0.82%;;
08/18/2021;23.43;23.66;23.515;23.08;51.43K;-1.00%;;
08/17/2021;23.666;23.87;23.83;23.265;46.29K;-0.56%;;
08/16/2021;23.799;23.755;23.955;23.565;42.59K;2.93%;;
08.12.2021;23.122;23.13;23.83;23.13;53.76K;-1.59%;;
08.11.2021;23.496;23.495;23.53;22.97;66.98K;0.40%;;
08.10.2021;23.402;23.525;23.565;23.19;70.05K;0.53%;;
08.09.2021;23.279;23.75;23.675;23.22;62.93K;-8.00%;;
08.05.2021;25.303;25.48;25.23;24.205;113.95K;-0.67%;;
08.04.2021;25.474;25.5;25.565;25.115;42.43K;-0.47%;;
08.03.2021;25.595;25.515;26.09;25.375;72.93K;0.02%;;
08.02.2021;25.59;25.57;25.665;25.27;45.85K;-0.81%;;
07/29/2021;25.799;25.075;25.685;25.395;43.33K;3.71%;;
07/28/2021;24.877;24.73;25.875;25;70.55K;0.92%;;
07/27/2021;24.649;25.255;25.06;24.655;54.85K;-2.64%;;
07/26/2021;25.318;25.27;25.32;24.515;80.91K;-0.25%;;
07/22/2021;25.381;25.33;25.535;25.05;39.88K;0.50%;;
07/21/2021;25.255;24.975;25.515;25.06;48.08K;1.04%;;
07/20/2021;24.995;25.24;25.365;24.79;50.53K;-0.59%;;
07/19/2021;25.144;25.7;25.315;24.84;64.68K;-4.74%;;
07/15/2021;26.394;26.325;26.55;25.64;78.28K;0.47%;;
07/14/2021;26.271;26.055;26.49;26.245;35.26K;0.50%;;
07/13/2021;26.14;26.32;26.575;26.01;65.10K;-0.38%;;
07.12.2021;26.239;26.185;26.44;26.005;50.73K;0.97%;;
07.08.2021;25.987;26.265;26.3;25.82;45.50K;-0.54%;;
07.07.2021;26.129;26.265;26.31;25.875;59.52K;-0.17%;;
07.06.2021;26.174;26.64;26.545;26.06;50.06K;0.28%;;
07.01.2021;26.1;26.25;26.7;26.1;57.34K;-0.36%;;
06/30/2021;26.194;25.875;26.525;26.045;54.77K;1.13%;;
06/29/2021;25.901;26.235;26.275;25.8;44.64K;-1.29%;;
06/28/2021;26.239;26.215;26.235;25.58;75.84K;0.65%;;
06/24/2021;26.069;25.935;26.38;25.97;49.17K;-0.24%;;
06/23/2021;26.132;25.86;26.245;25.865;53.06K;0.99%;;
06/22/2021;25.876;26;26.37;25.8;66.10K;-0.64%;;
06/21/2021;26.043;25.95;26.085;25.735;54.12K;0.66%;;
06/17/2021;25.873;27.2;26.555;25.77;88.18K;-7.03%;;
06/16/2021;27.828;27.8;27.32;25.82;156.97K;0.43%;;
06/15/2021;27.71;27.78;27.97;26.7;74.31K;-1.23%;;
06/14/2021;28.054;28.11;28.03;27.485;63.84K;0.02%;;
06.10.2021;28.047;27.82;28.445;28.025;75.34K;0.11%;;
06.09.2021;28.017;27.75;28.18;27.475;82.06K;0.97%;;
06.08.2021;27.747;28.11;28.145;27.62;64.18K;-1.02%;;
06.07.2021;28.033;27.92;28.12;27.61;70.19K;1.97%;;
06.03.2021;27.492;28.32;27.98;27.31;76.80K;-2.58%;;
06.02.2021;28.22;27.88;28.37;27.09;106.48K;0.36%;;
06.01.2021;28.119;28.07;28.32;27.765;53.89K;0.59%;;
05/27/2021;27.955;27.805;28.095;27.48;66.46K;0.28%;;
05/26/2021;27.877;28.105;27.995;27.575;56.81K;-0.64%;;
05/25/2021;28.056;27.88;28.34;27.685;65.97K;0.54%;;
05/24/2021;27.905;27.69;28.16;27.545;69.31K;-0.58%;;
05/20/2021;28.067;27.84;28.195;27.265;78.64K;0.15%;;
05/19/2021;28.025;28.3;28.125;27.49;55.96K;-1.09%;;
05/18/2021;28.333;28.325;28.365;27.425;109.07K;0.21%;;
05/17/2021;28.274;27.515;28.9;28.12;77.21K;4.49%;;
05/13/2021;27.059;27.095;27.595;26.92;58.61K;-0.68%;;
05.12.2021;27.244;27.76;27.33;26.78;63.63K;-1.53%;;
05.11.2021;27.667;27.4;27.83;27.03;77.86K;0.64%;;
05.10.2021;27.492;27.68;27.78;27.18;62.13K;0.05%;;
05.06.2021;27.477;26.59;27.8;27.23;80.78K;3.60%;;
05.05.2021;26.522;26.595;27.585;26.245;90.93K;-0.14%;;
05.04.2021;26.558;27.015;26.71;26.165;40.71K;-1.49%;;
05.03.2021;26.96;25.99;27.24;26.16;76.95K;3.35%;;
04/29/2021;26.085;26.3;26.275;25.855;55.51K;-0.07%;;
04/28/2021;26.102;26.345;26.58;25.745;81.33K;-1.24%;;
04/27/2021;26.43;26.325;26.345;25.84;62.06K;0.77%;;
04/26/2021;26.228;26.02;26.515;26.1;65.27K;0.11%;;
04/22/2021;26.2;26.64;26.47;25.89;63.84K;-1.45%;;
04/21/2021;26.586;25.96;26.67;26.025;84.13K;2.83%;;
04/20/2021;25.854;25.82;26.73;25.795;94.21K;0.01%;;
04/19/2021;25.852;26;26.15;25.725;70.92K;-0.49%;;
04/15/2021;25.979;25.465;26.38;25.795;58.50K;1.72%;;
04/14/2021;25.539;25.43;26.07;25.38;72.56K;0.38%;;
04/13/2021;25.442;24.885;25.59;25.235;56.47K;2.25%;;
04.12.2021;24.882;25.3;25.54;24.68;77.44K;-2.82%;;
04.08.2021;25.604;25.38;25.555;25.01;60.53K;1.33%;;
04.07.2021;25.267;25.21;25.675;25.02;65.65K;0.08%;;
04.06.2021;25.247;24.84;25.33;24.895;44.35K;1.80%;;
04.05.2021;24.801;25.05;25.355;24.795;53.64K;1.01%;;
03/31/2021;24.552;23.93;25.045;24.27;63.17K;1.64%;;
03/30/2021;24.157;24.745;24.565;23.74;65.79K;-2.48%;;
03/29/2021;24.771;25.105;24.77;23.88;72.66K;-1.10%;;
03/25/2021;25.047;25.17;25.335;24.92;42.08K;-0.73%;;
03/24/2021;25.231;25.12;25.255;24.435;86.47K;0.02%;;
03/23/2021;25.227;25.85;25.43;25.02;42.91K;-2.10%;;
03/22/2021;25.769;26.34;25.915;25.05;63.34K;-2.21%;;
03/18/2021;26.351;26.4;26.4;25.925;51.79K;1.12%;;
03/17/2021;26.058;26.005;26.74;25.875;76.40K;0.21%;;
03/16/2021;26.003;26.34;26.615;25.805;55.13K;-1.08%;;
03/15/2021;26.288;26.07;26.405;25.885;47.61K;0.36%;;
03.11.2021;26.193;26.315;26.235;25.425;56.88K;0.24%;;
03.10.2021;26.13;26.025;26.545;25.885;55.08K;-0.20%;;
03.09.2021;26.183;25.17;26.315;25.61;53.39K;3.62%;;
03.08.2021;25.269;25.4;26.22;25.09;69.61K;-0.75%;;
03.04.2021;25.461;26.175;25.505;24.845;79.26K;-3.51%;;
03.03.2021;26.387;26.86;26.385;25.08;95.00K;-1.83%;;
03.02.2021;26.879;26.63;26.915;25.875;82.46K;0.75%;;
03.01.2021;26.678;26.7;26.985;25.82;82.14K;-3.64%;;
02/25/2021;27.685;28.08;27.65;26.16;116.75K;-0.75%;;
02/24/2021;27.894;27.76;28.345;27.345;109.69K;0.64%;;
02/23/2021;27.717;28.29;28.08;27.365;73.50K;-1.40%;;
02/22/2021;28.111;27.64;28.425;27.285;104.38K;3.74%;;
02/18/2021;27.098;27.45;27.71;26.105;96.26K;-0.87%;;
02/17/2021;27.335;27.22;27.595;26.905;84.30K;-0.02%;;
02/16/2021;27.341;27.52;27.49;26.915;73.03K;0.99%;;
02.11.2021;27.072;27.145;27.5;26.91;53.47K;-0.13%;;
02.10.2021;27.108;27.46;27.35;26.75;62.16K;-1.16%;;
02.09.2021;27.427;27.4;27.595;26.88;71.17K;-0.59%;;
02.08.2021;27.589;27.18;27.875;27.13;81.81K;5.06%;;
02.04.2021;26.261;26.645;27.105;26.255;90.32K;-2.43%;;
02.03.2021;26.914;26.88;27.015;25.935;104.91K;1.85%;;
02.02.2021;26.426;29;27.26;26.545;93.58K;-10.24%;;
02.01.2021;29.441;28.86;29.15;26.35;208.63K;13.47%;;
01/28/2021;25.945;25.36;27.77;26.15;187.56K;2.19%;;
01/27/2021;25.389;25.53;27.1;24.895;190.87K;-0.58%;;
01/26/2021;25.538;25.395;25.545;24.715;96.67K;0.21%;;
01/25/2021;25.484;25.535;25.72;25.23;52.74K;-1.43%;;
01/21/2021;25.854;25.91;26.045;25.05;75.21K;0.34%;;
01/20/2021;25.766;25.29;26.13;25.7;59.50K;1.76%;;
01/19/2021;25.32;24.835;25.96;25.06;80.82K;-1.87%;;
01/14/2021;25.802;25.29;25.865;24.61;106.18K;0.90%;;
01/13/2021;25.572;25.655;25.99;25.095;84.24K;0.54%;;
01.12.2021;25.435;25.015;25.785;25.17;58.51K;0.60%;;
01.11.2021;25.284;25.47;25.745;25;65.92K;-7.25%;;
01.07.2021;27.261;27.41;27.335;24.53;186.37K;0.81%;;
01.06.2021;27.042;27.72;27.495;27.02;69.49K;-2.16%;;
01.05.2021;27.64;27.355;28.105;26.7;129.36K;1.01%;;
01.04.2021;27.364;26.77;27.85;27.15;67.46K;2.98%;;
